player,player_id,position,team_name,player_game_count,allowed_pressure_dropbacks,ce_percent,declined_penalties,franchise_id,hits_allowed,hurries_allowed,lg_percent,lt_percent,ol_te_percent,other_percent,penalties,pressures_allowed,pressures_ce,pressures_lg,pressures_lt,pressures_off,pressures_ol_te,pressures_other,pressures_rg,pressures_rt,pressures_self,pressures_te,rg_percent,rt_percent,sacks_allowed,self_percent,te_percent
Shedeur Sanders,131396,QB,COLORADO,13,168,10.1,0,143,6,21,6.0,17.3,70.8,4.2,0,44,17,10,29,168,119,7,22,52,44,3,13.1,31.0,17,26.2,1.8
Ethan Garbers,131896,QB,UCLA,11,148,20.3,0,324,4,2,18.9,29.7,87.2,6.1,0,12,30,28,44,148,129,9,20,29,12,4,13.5,19.6,6,8.1,2.7
Brayden Schager,146078,QB,HAWAII,11,142,18.3,0,180,8,9,16.2,16.9,67.6,14.8,0,26,26,23,24,142,96,21,19,29,26,0,13.4,20.4,9,18.3,0.0
Taylen Green,145996,QB,ARKANSAS,13,139,10.1,0,111,6,19,17.3,14.4,72.7,4.3,0,34,14,24,20,139,101,6,10,49,34,2,7.2,35.3,9,24.5,1.4
Cade Klubnik,156253,QB,CLEMSON,14,138,18.1,0,140,7,12,15.9,18.8,78.3,2.9,0,30,25,22,26,138,108,4,27,22,30,4,19.6,15.9,11,21.7,2.9
Kyle McCord,145053,QB,SYRACUSE,13,137,19.0,0,304,8,13,16.1,24.1,78.8,1.5,0,29,26,22,33,137,108,2,22,18,29,2,16.1,13.1,8,21.2,1.5
Jaylen Raynor,172203,QB,ARK STATE,13,136,8.1,0,113,0,18,11.0,33.1,73.5,8.1,0,25,11,15,45,136,100,11,20,23,25,2,14.7,16.9,7,18.4,1.5
Noah Fifita,158722,QB,ARIZONA,12,134,8.2,0,109,11,19,7.5,18.7,66.4,7.5,0,35,11,10,25,134,89,10,18,35,35,3,13.4,26.1,5,26.1,2.2
LaNorris Sellers,174326,QB,S CAROLINA,12,132,15.2,0,289,0,14,13.6,26.5,81.1,6.1,0,19,20,18,35,132,107,8,12,34,19,7,9.1,25.8,5,14.4,5.3
Anthony Colandrea,170131,QB,VIRGINIA,11,132,6.8,0,335,4,10,12.9,20.5,78.0,6.1,0,24,9,17,27,132,103,8,26,35,24,2,19.7,26.5,10,18.2,1.5
Garrett Nussmeier,146757,QB,LSU,13,130,18.5,0,211,7,11,20.8,16.2,76.2,10.0,0,19,24,27,21,130,99,13,12,29,19,2,9.2,22.3,1,14.6,1.5
Rocco Becht,157567,QB,IOWA STATE,14,129,10.1,0,193,3,8,10.9,14.0,78.3,9.3,0,16,13,14,18,129,101,12,30,35,16,5,23.3,27.1,5,12.4,3.9
Tyler Shough,83537,QB,LOUISVILLE,12,127,11.0,0,210,4,19,13.4,17.3,67.7,11.0,0,27,14,17,22,127,86,14,15,25,27,6,11.8,19.7,4,21.3,4.7
Athan Kaliakmanis,144971,QB,RUTGERS,13,127,11.8,0,278,0,8,22.8,16.5,83.5,3.9,0,15,15,29,21,127,106,5,19,31,15,6,15.0,24.4,7,11.8,4.7
Riley Leonard,143862,QB,NOTRE DAME,16,126,7.1,0,258,2,14,9.5,30.2,74.6,10.3,0,21,9,12,38,126,94,13,11,27,21,0,8.7,21.4,5,16.7,0.0
Ben Finley,122864,QB,AKRON,12,126,13.5,0,102,4,10,11.1,24.6,71.4,11.9,0,24,17,14,31,126,90,15,16,23,24,2,12.7,18.3,10,19.0,1.6
Drew Allar,164157,QB,PENN STATE,16,126,22.2,0,266,3,11,13.5,15.9,78.6,7.1,0,21,28,17,20,126,99,9,18,17,20,7,14.3,13.5,7,15.9,5.6
Hank Bachmeier,101284,QB,WAKE,12,126,7.9,0,339,9,11,13.5,10.3,61.9,12.7,0,32,10,17,13,126,78,16,16,23,32,6,12.7,18.3,12,25.4,4.8
Behren Morton,144747,QB,TEXAS TECH,12,124,9.7,0,315,7,10,19.4,24.2,75.8,8.1,0,26,12,24,30,124,94,10,10,24,26,1,8.1,19.4,9,21.0,0.8
Aidan Chiles,173727,QB,MICH STATE,12,124,10.5,0,223,2,7,6.5,29.0,88.7,1.6,0,14,13,8,36,124,110,2,32,35,14,10,25.8,28.2,5,11.3,8.1
Nicholas Vattiato,145302,QB,MIDDLE TN,12,124,8.9,0,224,1,3,18.5,29.0,83.9,8.9,0,10,11,23,36,124,104,11,11,39,10,2,8.9,31.5,6,8.1,1.6
Jaxson Dart,146409,QB,OLE MISS,13,122,15.6,0,226,2,6,13.9,20.5,81.1,7.4,0,15,19,17,25,122,99,9,23,25,15,3,18.9,20.5,7,12.3,2.5
Tucker Gleason,122475,QB,TOLEDO,12,122,8.2,0,316,3,5,13.1,29.5,87.7,3.3,0,11,10,16,36,122,107,4,17,38,11,3,13.9,31.1,3,9.0,2.5
Joey Aguilar,174978,QB,APP STATE,11,122,9.8,0,108,1,15,13.1,21.3,74.6,9.0,0,18,12,16,26,122,91,11,12,35,18,4,9.8,28.7,2,14.8,3.3
Brendon Lewis,131687,QB,NEVADA,12,121,12.4,0,239,3,14,9.9,12.4,76.0,5.8,0,22,15,12,15,121,92,7,11,44,22,5,9.1,36.4,5,18.2,4.1
Fernando Mendoza,158323,QB,CAL,11,121,6.6,0,130,10,10,14.9,24.8,71.9,6.6,0,26,8,18,30,121,87,8,18,29,26,2,14.9,24.0,6,21.5,1.7
Luke Altmyer,146802,QB,ILLINOIS,13,119,11.8,0,187,5,13,16.0,13.4,75.6,5.0,0,24,14,19,16,119,90,6,24,19,24,11,20.2,16.0,6,20.2,9.2
Owen McCown,157688,QB,UTSA,13,118,9.3,0,331,2,6,17.8,25.4,83.9,5.9,0,11,11,21,30,118,99,7,18,28,11,4,15.3,23.7,3,9.3,3.4
Dylan Raiola,183581,QB,NEBRASKA,13,118,11.0,0,238,7,10,7.6,19.5,66.1,15.3,0,24,13,9,23,118,78,18,8,31,24,2,6.8,26.3,7,20.3,1.7
Evan Simon,129906,QB,TEMPLE,9,118,18.6,0,306,7,9,11.9,27.1,82.2,1.7,0,20,22,14,32,118,97,2,15,26,20,5,12.7,22.0,4,16.9,4.2
Cole Snyder,97617,QB,E MICHIGAN,12,117,13.7,0,160,3,9,5.1,25.6,80.3,4.3,0,23,16,6,30,117,94,5,18,32,23,4,15.4,27.4,11,19.7,3.4
Billy Edwards Jr.,144185,QB,MARYLAND,11,114,11.4,0,215,3,3,15.8,30.7,89.5,5.3,0,6,13,18,35,114,102,6,16,32,6,0,14.0,28.1,0,5.3,0.0
JC French,162521,QB,GA SOUTHRN,13,114,7.0,0,174,5,13,8.8,21.9,72.8,4.4,0,26,8,10,25,114,83,5,17,32,26,1,14.9,28.1,8,22.8,0.9
Jacolby Criswell,122830,QB,N CAROLINA,12,113,5.3,0,245,5,11,15.0,15.0,74.3,8.8,0,20,6,17,17,113,84,10,7,42,20,3,6.2,37.2,4,17.7,2.7
Seth Henigan,144267,QB,MEMPHIS,13,113,7.1,0,218,5,13,12.4,16.8,72.6,5.3,0,25,8,14,19,113,82,6,16,30,25,3,14.2,26.5,7,22.1,2.7
Diego Pavia,156927,QB,VANDERBILT,13,112,17.0,0,333,4,6,13.4,15.2,80.4,9.8,0,14,19,15,17,112,90,11,17,26,14,5,15.2,23.2,4,12.5,4.5
Cam Ward,133244,QB,MIAMI FL,13,111,13.5,0,220,2,17,12.6,22.5,75.7,3.6,0,21,15,14,25,111,84,4,20,18,21,5,18.0,16.2,2,18.9,4.5
Sam Leavitt,175465,QB,ARIZONA ST,13,110,8.2,0,110,2,17,10.0,24.5,74.5,4.5,0,24,9,11,27,110,82,5,15,18,24,10,13.6,16.4,5,21.8,9.1
Quinn Ewers,127253,QB,TEXAS,14,110,12.7,0,311,5,7,12.7,11.8,70.9,5.5,0,26,14,14,13,110,78,6,19,24,26,5,17.3,21.8,14,23.6,4.5
Max Brosmer,105568,QB,MINNESOTA,13,109,16.5,0,225,0,4,15.6,15.6,84.4,4.6,0,12,18,17,17,109,92,5,21,28,12,6,19.3,25.7,8,11.0,5.5
Chandler Morris,122938,QB,N TEXAS,12,108,7.4,0,251,1,10,14.8,29.6,80.6,5.6,0,16,8,16,32,108,87,6,14,25,16,2,13.0,23.1,5,14.8,1.9
Jack Lausch,162845,QB,NWESTERN,10,107,13.1,0,256,1,9,16.8,10.3,70.1,13.1,0,18,14,18,11,107,75,14,11,27,18,3,10.3,25.2,8,16.8,2.8
Jackson Arnold,173684,QB,OKLAHOMA,10,107,13.1,0,261,0,10,16.8,20.6,77.6,9.3,0,17,14,18,22,107,83,10,12,25,17,7,11.2,23.4,7,15.9,6.5
C.J. Ogbonna,149182,QB,BUFFALO,13,105,9.5,0,126,2,10,14.3,24.8,76.2,8.6,0,17,10,15,26,105,80,9,8,22,17,5,7.6,21.0,5,16.2,4.8
E.J. Warner,156185,QB,RICE,11,105,20.0,0,275,1,10,22.9,15.2,82.9,5.7,0,13,21,24,16,105,87,6,19,15,13,5,18.1,14.3,2,12.4,4.8
Will Howard,122599,QB,OHIO STATE,16,104,17.3,0,260,0,6,13.5,22.1,81.7,6.7,0,12,18,14,23,104,85,7,18,20,12,4,17.3,19.2,6,11.5,3.8
Hudson Card,123109,QB,PURDUE,10,104,10.6,0,273,2,8,21.2,19.2,78.8,7.7,0,14,11,22,20,104,82,8,18,20,14,5,17.3,19.2,4,13.5,4.8
Nico Iamaleava,174728,QB,TENNESSEE,13,104,9.6,0,307,4,8,9.6,22.1,72.1,13.5,0,16,10,10,23,104,75,14,15,26,16,1,14.4,25.0,4,15.4,1.0
Eli Holstein,172381,QB,PITTSBURGH,10,103,7.8,0,268,4,13,17.5,21.4,74.8,5.8,0,21,8,18,22,103,77,6,16,26,21,0,15.5,25.2,4,20.4,0.0
Josh Hoover,127148,QB,TCU,13,102,9.8,0,305,5,8,11.8,16.7,68.6,11.8,0,19,10,12,17,102,70,12,13,25,19,4,12.7,24.5,6,18.6,3.9
Kevin Jennings,158272,QB,SMU,14,101,5.9,0,287,5,14,9.9,34.7,66.3,10.9,0,25,6,10,35,101,67,11,10,14,25,0,9.9,13.9,6,24.8,0.0
Ashton Daniels,157259,QB,STANFORD,11,101,17.8,0,300,1,17,13.9,28.7,76.2,3.0,0,20,18,14,29,101,77,3,14,19,20,4,13.9,18.8,2,19.8,4.0
Garrett Greene,123420,QB,W VIRGINIA,11,100,14.0,0,343,3,15,8.0,8.0,63.0,7.0,0,28,14,8,8,100,63,7,14,15,28,10,14.0,15.0,10,28.0,10.0
Brett Gabbert,97404,QB,MIAMI OH,14,100,9.0,0,221,4,7,16.0,19.0,77.0,7.0,0,17,9,16,19,100,77,7,19,13,17,9,19.0,13.0,6,17.0,9.0
Connor Bazelak,99135,QB,BOWL GREEN,13,99,9.1,0,122,2,7,20.2,20.2,78.8,6.1,0,15,9,20,20,99,78,6,15,18,15,6,15.2,18.2,6,15.2,6.1
Kadin Semonza,174001,QB,BALL ST,12,98,7.1,0,117,3,2,14.3,29.6,87.8,1.0,0,8,7,14,29,98,86,1,19,27,8,6,19.4,27.6,3,8.2,6.1
Miller Moss,70727,QB,USC,9,96,11.5,0,326,6,6,14.6,28.1,85.4,1.0,0,12,11,14,27,96,82,1,12,20,12,5,12.5,20.8,0,12.5,5.2
Avery Johnson,173108,QB,KANSAS ST,13,96,11.5,0,199,3,9,12.5,11.5,78.1,7.3,0,16,11,12,11,96,75,7,17,27,16,3,17.7,28.1,4,16.7,3.1
Jalen Milroe,146590,QB,ALABAMA,13,96,7.3,0,103,2,4,8.3,18.8,82.3,2.1,0,15,7,8,18,96,79,2,17,35,15,8,17.7,36.5,9,15.6,8.3
Dillon Gabriel,86272,QB,OREGON,14,96,8.3,0,264,1,10,10.4,9.4,74.0,6.3,0,18,8,10,9,96,71,6,24,29,18,2,25.0,30.2,7,18.8,2.1
Bryce Archie,156667,QB,USF,12,96,12.5,0,327,4,8,20.8,17.7,75.0,9.4,0,14,12,20,17,96,72,9,15,17,14,1,15.6,17.7,2,14.6,1.0
John Mateer,158516,QB,WASH STATE,12,95,17.9,0,341,5,13,15.8,9.5,64.2,3.2,0,32,17,15,9,95,61,3,6,18,32,2,6.3,18.9,14,33.7,2.1
Caden Veltkamp,156642,QB,W KENTUCKY,13,95,9.5,0,346,2,14,9.5,20.0,71.6,4.2,0,24,9,9,19,95,68,4,10,22,24,4,10.5,23.2,8,25.3,4.2
Danny O'Neil,184200,QB,S DIEGO ST,11,94,16.0,0,284,11,9,10.6,20.2,70.2,6.4,0,23,15,10,19,94,66,6,17,18,23,0,18.1,19.1,3,24.5,0.0
Mikey Keene,70961,QB,FRESNO ST,12,94,6.4,0,169,2,4,4.3,24.5,84.0,4.3,0,12,6,4,23,94,79,4,25,26,12,6,26.6,27.7,6,12.8,6.4
Michael Van Buren Jr.,184764,QB,MISS STATE,9,93,6.5,0,227,4,8,11.8,30.1,81.7,3.2,0,15,6,11,28,93,76,3,15,26,15,0,16.1,28.0,3,16.1,0.0
Jake Retzlaff,70874,QB,BYU,13,92,14.1,0,128,2,4,10.9,26.1,78.3,9.8,0,10,13,10,24,92,72,9,8,22,10,6,8.7,23.9,4,10.9,6.5
Carson Beck,124010,QB,GEORGIA,13,92,8.7,0,173,2,9,9.8,30.4,78.3,3.3,0,17,8,9,28,92,72,3,10,19,17,5,10.9,20.7,6,18.5,5.4
Jordan McCloud,101058,QB,TEXAS ST,13,91,5.5,0,314,6,8,11.0,25.3,67.0,13.2,0,20,5,10,23,91,61,12,13,12,20,3,14.3,13.2,6,22.0,3.3
Payton Thorne,101629,QB,AUBURN,11,91,9.9,0,115,1,5,17.6,22.0,82.4,6.6,0,10,9,16,20,91,75,6,8,26,10,4,8.8,28.6,4,11.0,4.4
Evan Bullock,170452,QB,LA TECH,11,90,10.0,0,208,5,6,5.6,18.9,66.7,12.2,0,22,9,5,17,90,60,11,15,19,22,4,16.7,21.1,11,24.4,4.4
Will Rogers,124184,QB,WASHINGTON,11,89,19.1,0,340,3,2,12.4,32.6,88.8,3.4,0,6,17,11,29,89,79,3,15,20,6,5,16.9,22.5,1,6.7,5.6
Brendan Sorsby,156398,QB,CINCINNATI,12,88,12.5,0,138,4,6,11.4,9.1,65.9,17.0,0,15,11,10,8,88,58,15,8,23,15,2,9.1,26.1,5,17.0,2.3
Maddux Madsen,163379,QB,BOISE ST,14,88,19.3,0,120,0,4,14.8,8.0,80.7,12.5,0,6,17,13,7,88,71,11,18,30,6,4,20.5,34.1,2,6.8,4.5
Sawyer Robertson,146839,QB,BAYLOR,12,87,11.5,0,118,4,8,6.9,29.9,66.7,14.9,0,18,10,6,26,87,58,13,9,10,18,3,10.3,11.5,6,20.7,3.4
Brock Vandagriff,146713,QB,KENTUCKY,11,87,12.6,0,202,2,9,16.1,19.5,77.0,6.9,0,16,11,14,17,87,67,6,8,23,16,6,9.2,26.4,5,18.4,6.9
Jalen Kitna,146688,QB,UAB,8,87,5.7,0,321,1,4,9.2,36.8,87.4,3.4,0,10,5,8,32,87,76,3,15,21,10,5,17.2,24.1,5,11.5,5.7
Kaidon Salter,132046,QB,LIBERTY,11,87,11.5,0,206,1,10,5.7,32.2,69.0,9.2,0,21,10,5,28,87,60,8,9,18,21,1,10.3,20.7,10,24.1,1.1
Cam Fancher,145266,QB,FAU,9,87,8.0,0,165,2,8,11.5,13.8,73.6,2.3,0,19,7,10,12,87,64,2,14,25,19,8,16.1,28.7,9,21.8,9.2
Skyler Locklear,164027,QB,UTEP,10,85,12.9,0,330,5,6,12.9,22.4,83.5,2.4,0,16,11,11,19,85,71,2,5,30,16,3,5.9,35.3,5,18.8,3.5
Tommy Ulatowski,163150,QB,KENT STATE,9,84,19.0,0,201,0,12,27.4,9.5,78.6,1.2,0,18,16,23,8,84,66,1,7,15,18,8,8.3,17.9,6,21.4,9.5
Hajj-Malik Williams,102348,QB,UNLV,12,84,8.3,0,325,1,14,10.7,16.7,65.5,3.6,0,27,7,9,14,84,55,3,7,8,27,11,8.3,9.5,12,32.1,13.1
Gio Lopez,172309,QB,S ALABAMA,11,83,16.9,0,288,6,11,14.5,19.3,73.5,0.0,0,20,14,12,16,83,61,0,11,16,20,3,13.3,19.3,3,24.1,3.6
Tyler Huff,142567,QB,JVILLE ST,14,83,19.3,0,196,1,4,8.4,13.3,88.0,2.4,0,10,16,7,11,83,73,2,17,23,10,5,20.5,27.7,5,12.0,6.0
Alonza Barnett III,156710,QB,JAMES MAD,12,82,13.4,0,197,0,5,22.0,17.1,78.0,9.8,0,11,11,18,14,82,64,8,11,17,11,1,13.4,20.7,6,13.4,1.2
Darian Mensah,169984,QB,TULANE,13,82,4.9,0,319,0,12,14.6,19.5,72.0,8.5,0,17,4,12,16,82,59,7,8,13,17,9,9.8,15.9,5,20.7,11.0
Colton Joseph,172283,QB,DOMINION,9,82,8.5,0,263,1,3,24.4,15.9,82.9,6.1,0,10,7,20,13,82,68,5,18,27,10,1,22.0,32.9,6,12.2,1.2
Keyone Jenkins,170403,QB,FIU,12,82,4.9,0,166,3,6,8.5,18.3,78.0,2.4,0,15,4,7,15,82,64,2,13,24,15,8,15.9,29.3,6,18.3,9.8
Taisun Phommachanh,99577,QB,UMASS,9,81,13.6,0,216,2,7,22.2,19.8,76.5,3.7,0,15,11,18,16,81,62,3,15,15,15,4,18.5,18.5,6,18.5,4.9
Brady Cook,124199,QB,MISSOURI,12,81,19.8,0,229,2,10,13.6,21.0,71.6,6.2,0,19,16,11,17,81,58,5,10,8,19,2,12.3,9.9,7,23.5,2.5
CJ Bailey,183349,QB,NC STATE,11,81,8.6,0,248,3,8,11.1,14.8,71.6,6.2,0,15,7,9,12,81,58,5,17,14,15,7,21.0,17.3,4,18.5,8.6
Parker Navarro,123758,QB,OHIO,13,80,12.5,0,259,3,8,12.5,18.8,65.0,10.0,0,22,10,10,15,80,52,8,7,16,22,3,8.8,20.0,11,27.5,3.8
Brayden Fowler-Nicolosi,157207,QB,COLO STATE,13,79,3.8,0,144,0,11,12.7,15.2,73.4,8.9,0,14,3,10,12,79,58,7,9,23,14,6,11.4,29.1,3,17.7,7.6
Hayden Wolff,98362,QB,W MICHIGAN,13,79,12.7,0,347,1,3,25.3,19.0,84.8,6.3,0,6,10,20,15,79,67,5,5,15,6,9,6.3,19.0,2,7.6,11.4
Marcel Reed,175940,QB,TEXAS A&M,10,78,12.8,0,312,0,16,14.1,10.3,65.4,10.3,0,19,10,11,8,78,51,8,8,15,19,2,10.3,19.2,3,24.4,2.6
Kirk Francis,173296,QB,TULSA,11,76,11.8,0,320,1,4,11.8,35.5,90.8,2.6,0,6,9,9,27,76,69,2,16,20,6,1,21.1,26.3,1,7.9,1.3
Hunter Watson,183993,QB,SM HOUSTON,12,74,8.1,0,281,2,8,13.5,23.0,67.6,10.8,0,18,6,10,17,74,50,8,8,13,18,6,10.8,17.6,8,24.3,8.1
Evan Svoboda,157664,QB,WYOMING,10,74,4.1,0,351,0,1,14.9,39.2,85.1,9.5,0,5,3,11,29,74,63,7,13,16,5,3,17.6,21.6,4,6.8,4.1
Isaac Wilson,183872,QB,UTAH,9,74,12.2,0,328,1,7,16.2,16.2,66.2,18.9,0,11,9,12,12,74,49,14,11,8,11,4,14.9,10.8,3,14.9,5.4
Ethan Vasko,163817,QB,COAST CAR,12,73,13.7,0,141,1,7,9.6,27.4,82.2,0.0,0,11,10,7,20,73,60,0,12,17,11,2,16.4,23.3,3,15.1,2.7
Devon Dampier,171556,QB,NEW MEXICO,12,73,8.2,0,241,4,18,4.1,13.7,61.6,0.0,0,25,6,3,10,73,45,0,6,9,25,14,8.2,12.3,3,34.2,19.2
Nate Yarnell,144037,QB,PITTSBURGH,8,73,8.2,0,268,0,2,12.3,19.2,83.6,9.6,0,6,6,9,14,73,61,7,6,26,6,3,8.2,35.6,4,8.2,4.1
Walker Eget,146170,QB,S JOSE ST,11,72,15.3,0,285,2,4,15.3,23.6,80.6,11.1,0,6,11,11,17,72,58,8,6,24,6,0,8.3,33.3,0,8.3,0.0
Maalik Murphy,157302,QB,DUKE,12,71,8.5,0,154,2,6,12.7,38.0,70.4,15.5,0,12,6,9,27,71,50,11,7,7,12,2,9.9,9.9,4,16.9,2.8
Christian Veilleux,145086,QB,GA STATE,10,71,14.1,0,175,1,4,21.1,18.3,87.3,5.6,0,6,10,15,13,71,62,4,10,17,6,1,14.1,23.9,1,8.5,1.4
Ethan Hampton,145858,QB,N ILLINOIS,11,68,27.9,0,254,0,4,14.7,13.2,83.8,2.9,0,8,19,10,9,68,57,2,13,9,8,3,19.1,13.2,4,11.8,4.4
Kurtis Rourke,97998,QB,INDIANA,12,66,13.6,0,190,1,4,13.6,18.2,75.8,16.7,0,6,9,9,12,66,50,11,10,15,6,1,15.2,22.7,1,9.1,1.5
DeShawn Purdie,184271,QB,CHARLOTTE,9,65,12.3,0,136,1,5,20.0,18.5,75.4,7.7,0,11,8,13,12,65,49,5,10,9,11,4,15.4,13.8,5,16.9,6.2
Jalon Daniels,122555,QB,KANSAS,12,64,10.9,0,198,3,9,12.5,12.5,64.1,12.5,0,16,7,8,8,64,41,8,7,8,16,4,10.9,12.5,4,25.0,6.3
Kyron Drones,144506,QB,VA TECH,9,64,12.5,0,337,3,8,9.4,21.9,70.3,10.9,0,13,8,6,14,64,45,7,5,16,13,2,7.8,25.0,2,20.3,3.1
Ethan Crawford,173571,QB,SO MISS,8,64,6.3,0,296,0,1,21.9,26.6,78.1,9.4,0,9,4,14,17,64,50,6,7,11,8,4,10.9,17.2,8,12.5,6.3
Cooper Legas,101286,QB,TULSA,9,64,9.4,0,320,2,6,7.8,39.1,85.9,-1.6,0,10,6,5,25,64,55,-1,11,14,10,2,17.2,21.9,2,15.6,3.1
Spencer Petras,82136,QB,UTAH ST,9,63,19.0,0,329,0,6,17.5,22.2,74.6,9.5,0,10,12,11,14,63,47,6,8,10,10,0,12.7,15.9,4,15.9,0.0
Aidan Armenta,175731,QB,LA MONROE,11,62,9.7,0,209,0,6,9.7,16.1,71.0,12.9,0,10,6,6,10,62,44,8,8,16,10,7,12.9,25.8,4,16.1,11.3
Davis Warren,73940,QB,MICHIGAN,9,60,13.3,0,222,1,7,10.0,16.7,75.0,8.3,0,12,8,6,10,60,45,5,9,23,12,0,15.0,38.3,4,20.0,0.0
Davis Bryson,160369,QB,KENNESAW,11,59,16.9,0,200,0,5,18.6,23.7,81.4,5.1,0,8,10,11,14,59,48,3,5,12,8,2,8.5,20.3,3,13.6,3.4
Grayson James,145214,QB,BOSTON COL,6,58,12.1,0,121,0,9,13.8,27.6,75.9,3.4,0,11,7,8,16,58,44,2,7,9,11,3,12.1,15.5,2,19.0,5.2
Byrum Brown,156206,QB,USF,5,58,20.7,0,327,1,4,25.9,17.2,86.2,3.4,0,6,12,15,10,58,50,2,9,11,6,0,15.5,19.0,1,10.3,0.0
Tate Rodemaker,122414,QB,SO MISS,8,57,14.0,0,296,3,1,17.5,21.1,82.5,5.3,0,7,8,10,12,57,47,3,2,14,7,5,3.5,24.6,3,12.3,8.8
Ben Wooldridge,82115,QB,LA LAFAYET,11,56,12.5,0,207,1,2,14.3,32.1,83.9,8.9,0,5,7,8,18,56,47,5,8,11,5,2,14.3,19.6,2,8.9,3.6
DJ Uiagalelei,122162,QB,FLORIDA ST,5,56,10.7,0,167,2,5,17.9,17.9,73.2,12.5,0,8,6,10,10,56,41,7,6,11,8,2,10.7,19.6,1,14.3,3.6
Braedyn Locke,157141,QB,WISCONSIN,10,56,14.3,0,349,3,3,17.9,14.3,76.8,7.1,0,9,8,10,8,56,43,4,6,16,9,1,10.7,28.6,3,16.1,1.8
DJ Lagway,184426,QB,FLORIDA,12,56,12.5,0,163,1,3,23.2,17.9,85.7,0.0,0,9,7,13,10,56,48,0,7,12,9,4,12.5,21.4,5,16.1,7.1
Thomas Castellanos,158433,QB,BOSTON COL,8,55,5.5,0,121,0,4,18.2,20.0,80.0,5.5,0,11,3,10,11,55,44,3,12,7,11,3,21.8,12.7,7,20.0,5.5
Zach Gibson,100201,QB,GA STATE,6,55,12.7,0,175,0,1,7.3,30.9,92.7,0.0,0,4,7,4,17,55,51,0,8,20,4,3,14.5,36.4,3,7.3,5.5
Demond Williams Jr.,183648,QB,WASHINGTON,13,54,14.8,0,340,0,2,24.1,33.3,85.2,1.9,0,6,8,13,18,54,46,1,7,9,6,4,13.0,16.7,4,11.1,7.4
Gevani McCoy,147609,QB,OREGON ST,9,54,9.3,0,265,1,5,14.8,14.8,74.1,13.0,0,8,5,8,8,54,40,7,10,11,8,1,18.5,20.4,2,14.8,1.9
Parker Awad,183974,QB,NEW MEX ST,7,54,5.6,0,242,1,5,14.8,16.7,85.2,0.0,0,8,3,8,9,54,46,0,9,18,8,3,16.7,33.3,2,14.8,5.6
Jayden Maiava,158135,QB,USC,5,53,15.1,0,326,1,6,11.3,15.1,71.7,13.2,0,9,8,6,8,53,38,7,6,12,9,3,11.3,22.6,2,17.0,5.7
Michael Hawkins Jr.,184595,QB,OKLAHOMA,7,52,7.7,0,261,0,11,9.6,25.0,67.3,1.9,0,16,4,5,13,52,35,1,4,14,16,3,7.7,26.9,5,30.8,5.8
Braylon Braxton,144442,QB,MARSHALL,11,52,7.7,0,214,2,10,19.2,32.7,71.2,3.8,0,13,4,10,17,52,37,2,2,8,13,1,3.8,15.4,1,25.0,1.9
Katin Houser,158386,QB,E CAROLINA,9,52,9.6,0,156,1,7,23.1,21.2,71.2,7.7,0,10,5,12,11,52,37,4,7,7,10,2,13.5,13.5,2,19.2,3.8
Jake Garcia,143941,QB,E CAROLINA,6,51,5.9,0,156,4,1,17.6,13.7,80.4,3.9,0,7,3,9,7,51,41,2,9,14,7,2,17.6,27.5,2,13.7,3.9
Emmett Brown,157344,QB,S JOSE ST,8,50,20.0,0,285,1,3,22.0,20.0,74.0,12.0,0,7,10,11,10,50,37,6,3,13,7,0,6.0,26.0,3,14.0,0.0
Luke Kromenhoek,183305,QB,FLORIDA ST,6,49,14.3,0,167,2,2,18.4,20.4,77.6,4.1,0,9,7,9,10,49,38,2,7,11,9,1,14.3,22.4,5,18.4,2.0
Joe Fagnano,104768,QB,UCONN,10,49,18.4,0,146,0,0,16.3,20.4,87.8,8.2,0,1,9,8,10,49,43,4,13,6,1,3,26.5,12.2,1,2.0,6.1
Zeon Chriss,156733,QB,HOUSTON,10,47,14.9,0,182,0,8,4.3,19.1,70.2,10.6,0,11,7,2,9,47,33,5,8,9,11,3,17.0,19.1,3,23.4,6.4
Jacob Zeno,98014,QB,UAB,4,47,8.5,0,321,1,4,19.1,25.5,80.9,8.5,0,5,4,9,12,47,38,4,8,11,5,0,17.0,23.4,0,10.6,0.0
Joe Labas,144847,QB,C MICHIGAN,6,47,4.3,0,134,0,1,17.0,42.6,93.6,2.1,0,3,2,8,20,47,44,1,9,10,3,3,19.1,21.3,2,6.4,6.4
Nick Evers,158082,QB,UCONN,9,46,17.4,0,146,2,6,0.0,13.0,52.2,15.2,0,15,8,0,6,46,24,7,7,4,15,1,15.2,8.7,7,32.6,2.2
Donovan Smith,73929,QB,HOUSTON,7,46,6.5,0,182,1,6,10.9,13.0,58.7,13.0,0,15,3,5,6,46,27,6,2,12,15,2,4.3,26.1,8,32.6,4.3
Brock Glenn,170335,QB,FLORIDA ST,7,46,15.2,0,167,1,2,19.6,15.2,80.4,4.3,0,7,7,9,7,46,37,2,9,9,7,1,19.6,19.6,4,15.2,2.2
Conner Weigman,158683,QB,TEXAS A&M,6,44,20.5,0,312,0,4,18.2,15.9,79.5,6.8,0,7,9,8,7,44,35,3,5,10,7,0,11.4,22.7,3,15.9,0.0
Haynes King,124329,QB,GA TECH,11,44,15.9,0,176,0,4,20.5,20.5,77.3,9.1,0,7,7,9,9,44,34,4,4,10,7,4,9.1,22.7,3,15.9,9.1
Alan Bowman,77679,QB,OKLA STATE,11,43,4.7,0,262,1,7,14.0,30.2,74.4,2.3,0,10,2,6,13,43,32,1,3,10,10,0,7.0,23.3,2,23.3,0.0
Matthew Caldwell,150302,QB,TROY,9,42,14.3,0,318,2,3,23.8,21.4,78.6,4.8,0,7,6,10,9,42,33,2,4,9,7,0,9.5,21.4,2,16.7,0.0
Grant Wilson,143041,QB,DOMINION,3,41,17.1,0,263,1,3,19.5,26.8,80.5,2.4,0,7,7,8,11,41,33,1,2,13,7,0,4.9,31.7,3,17.1,0.0
Blake Horvath,162555,QB,NAVY,12,41,19.5,0,237,1,1,22.0,4.9,73.2,12.2,0,7,8,9,2,41,30,5,6,7,7,1,14.6,17.1,5,17.1,2.4
Blake Shapen,122282,QB,MISS STATE,4,38,15.8,0,227,0,4,13.2,21.1,76.3,7.9,0,6,6,5,8,38,29,3,7,7,6,1,18.4,18.4,2,15.8,2.6
Santino Marucci,144197,QB,NEW MEX ST,7,38,5.3,0,242,0,1,21.1,28.9,84.2,5.3,0,4,2,8,11,38,32,2,2,9,4,2,5.3,23.7,3,10.5,5.3
KJ Jefferson,99129,QB,UCF,5,38,15.8,0,323,1,5,15.8,15.8,73.7,7.9,0,7,6,6,6,38,28,3,7,5,7,1,18.4,13.2,1,18.4,2.6
Ryan Browne,174949,QB,PURDUE,8,37,8.1,0,273,0,6,18.9,16.2,70.3,13.5,0,6,3,7,6,37,26,5,4,7,6,1,10.8,18.9,0,16.2,2.7
Cade McNamara,101620,QB,IOWA,8,36,5.6,0,192,3,5,5.6,11.1,61.1,13.9,0,9,2,2,4,36,22,5,6,7,9,4,16.7,19.4,1,25.0,11.1
Kaden Anderson,127312,QB,WYOMING,9,35,8.6,0,351,1,0,17.1,42.9,94.3,2.9,0,1,3,6,15,35,33,1,5,5,1,2,14.3,14.3,0,2.9,5.7
Max Brown,157756,QB,CHARLOTTE,5,33,6.1,0,136,2,2,18.2,12.1,63.6,6.1,0,10,2,6,4,33,21,2,3,7,10,1,9.1,21.2,6,30.3,3.0
Bryson Barnes,131845,QB,UTAH ST,7,33,15.2,0,329,1,4,15.2,18.2,78.8,3.0,0,6,5,5,6,33,26,1,10,5,6,0,30.3,15.2,1,18.2,0.0
William Watson III,174771,QB,VA TECH,3,33,3.0,0,337,0,5,6.1,18.2,54.5,12.1,0,11,1,2,6,33,18,4,3,6,11,3,9.1,18.2,6,33.3,9.1
Stone Earle,123504,QB,MARSHALL,7,32,3.1,0,214,1,3,28.1,15.6,68.8,6.3,0,8,1,9,5,32,22,2,5,3,8,1,15.6,9.4,4,25.0,3.1
John Busha,173849,QB,AIR FORCE,6,31,9.7,0,101,1,0,16.1,22.6,90.3,6.5,0,1,3,5,7,31,28,2,5,13,1,1,16.1,41.9,0,3.2,3.2
Tyler Jefferson,171233,QB,C MICHIGAN,7,31,9.7,0,134,1,2,29.0,29.0,83.9,0.0,0,5,3,9,9,31,26,0,3,6,5,1,9.7,19.4,2,16.1,3.2
Forrest Brock,173260,QB,TEMPLE,3,31,32.3,0,306,0,0,16.1,29.0,90.3,9.7,0,0,10,5,9,31,28,3,4,4,0,2,12.9,12.9,0,0.0,6.5
Kasen Weisman,171910,QB,FAU,5,30,3.3,0,165,2,4,6.7,13.3,66.7,6.7,0,7,1,2,4,30,20,2,2,12,7,4,6.7,40.0,1,23.3,13.3
Tucker Kilcrease,156863,QB,TROY,6,30,10.0,0,318,0,1,13.3,30.0,76.7,10.0,0,3,3,4,9,30,23,3,1,9,3,3,3.3,30.0,2,10.0,10.0
Bryson Daily,147303,QB,ARMY,13,29,10.3,0,114,2,0,6.9,20.7,58.6,31.0,0,3,3,2,6,29,17,9,2,4,3,1,6.9,13.8,1,10.3,3.4
Jadyn Glasser,184670,QB,C MICHIGAN,4,29,0.0,0,134,1,3,17.2,44.8,65.5,10.3,0,7,0,5,13,29,19,3,2,2,7,1,6.9,6.9,3,24.1,3.4
Brendan Sullivan,145034,QB,IOWA,6,27,11.1,0,192,2,2,11.1,7.4,63.0,7.4,0,9,3,3,2,27,17,2,2,7,9,1,7.4,25.9,5,33.3,3.7
Ben Gulbranson,131734,QB,OREGON ST,4,27,29.6,0,265,0,1,11.1,3.7,85.2,7.4,0,2,8,3,1,27,23,2,9,5,2,2,33.3,18.5,1,7.4,7.4
Drew Pyne,122910,QB,MISSOURI,6,27,25.9,0,229,1,2,11.1,18.5,74.1,11.1,0,4,7,3,5,27,20,3,2,3,4,3,7.4,11.1,1,14.8,11.1
Dylan Rizk,174360,QB,UCF,6,26,11.5,0,323,1,2,15.4,19.2,65.4,19.2,0,4,3,4,5,26,17,5,0,7,4,0,0.0,26.9,1,15.4,0.0
Elijah Brown,183276,QB,STANFORD,3,24,8.3,0,300,0,1,20.8,20.8,75.0,8.3,0,4,2,5,5,24,18,2,3,5,4,0,12.5,20.8,3,16.7,0.0
MJ Morris,157404,QB,MARYLAND,6,24,16.7,0,215,0,2,12.5,20.8,70.8,4.2,0,6,4,3,5,24,17,1,1,7,6,0,4.2,29.2,4,25.0,0.0
Tony Muskett,142933,QB,VIRGINIA,7,24,8.3,0,335,0,2,20.8,25.0,87.5,0.0,0,2,2,5,6,24,21,0,9,2,2,1,37.5,8.3,0,8.3,4.2
Collin Schlee,98025,QB,VA TECH,6,24,12.5,0,337,0,5,12.5,8.3,54.2,12.5,0,7,3,3,2,24,13,3,2,5,7,3,8.3,20.8,2,29.2,12.5
Cutter Boley,184630,QB,KENTUCKY,4,23,8.7,0,202,1,1,4.3,13.0,87.0,0.0,0,3,2,1,3,23,20,0,5,9,3,1,21.7,39.1,1,13.0,4.3
Bishop Davenport,163426,QB,S ALABAMA,6,23,4.3,0,288,0,2,21.7,17.4,78.3,8.7,0,3,1,5,4,23,18,2,2,7,3,1,8.7,30.4,1,13.0,4.3
Josh Holst,171312,QB,N ILLINOIS,7,23,13.0,0,254,1,7,4.3,4.3,56.5,-4.3,0,10,3,1,1,23,13,-1,5,6,10,1,21.7,26.1,2,43.5,4.3
Nick Poulos,188474,QB,OHIO,5,23,13.0,0,259,1,0,26.1,21.7,87.0,-4.3,0,2,3,6,5,23,20,-1,1,8,2,2,4.3,34.8,1,8.7,8.7
Justin Lamson,144052,QB,STANFORD,8,23,4.3,0,300,1,0,13.0,8.7,60.9,13.0,0,8,1,3,2,23,14,3,6,4,8,1,26.1,17.4,7,34.8,4.3
Devin Kargman,156913,QB,KENT STATE,4,23,8.7,0,201,2,0,30.4,26.1,82.6,-4.3,0,4,2,7,6,23,19,-1,4,7,4,1,17.4,30.4,2,17.4,4.3
John Alan Richter,156999,QB,TOLEDO,5,22,13.6,0,316,1,1,13.6,40.9,86.4,0.0,0,3,3,3,9,22,19,0,2,7,3,0,9.1,31.8,1,13.6,0.0
Jase Bauer,145714,QB,SM HOUSTON,7,22,18.2,0,281,0,2,18.2,36.4,86.4,0.0,0,3,4,4,8,22,19,0,1,3,3,0,4.5,13.6,1,13.6,0.0
Gunner Stockton,157072,QB,GEORGIA,4,22,4.5,0,173,0,0,4.5,27.3,77.3,9.1,0,3,1,1,6,22,17,2,3,4,3,3,13.6,18.2,3,13.6,13.6
Alex Orji,158545,QB,MICHIGAN,7,22,4.5,0,222,0,6,9.1,9.1,63.6,9.1,0,6,1,2,2,22,14,2,2,5,6,2,9.1,22.7,0,27.3,9.1
Quentin Hayes,186423,QB,AIR FORCE,8,21,9.5,0,101,0,0,14.3,19.0,61.9,33.3,0,1,2,3,4,21,13,7,4,2,1,0,19.0,9.5,1,4.8,0.0
Matthew Sluka,143059,QB,UNLV,3,21,0.0,0,325,2,2,28.6,19.0,81.0,0.0,0,5,0,6,4,21,17,0,4,3,5,3,19.0,14.3,1,23.8,14.3
Jack Tuttle,83580,QB,MICHIGAN,2,21,14.3,0,222,0,2,9.5,42.9,90.5,0.0,0,2,3,2,9,21,19,0,2,2,2,3,9.5,9.5,0,9.5,14.3
Goose Crowder,144781,QB,TROY,4,21,9.5,0,318,0,0,33.3,23.8,85.7,4.8,0,2,2,7,5,21,18,1,3,5,2,0,14.3,23.8,2,9.5,0.0
JP Pickles,183996,QB,UTEP,3,20,10.0,0,330,0,1,20.0,20.0,95.0,0.0,0,1,2,4,4,20,19,0,2,8,1,0,10.0,40.0,0,5.0,0.0
AJ Hairston,184157,QB,UMASS,4,20,5.0,0,216,0,2,25.0,10.0,80.0,-5.0,0,4,1,5,2,20,16,-1,3,6,4,1,15.0,30.0,2,20.0,5.0
Tyriq Starks,156514,QB,FAU,4,20,0.0,0,165,0,0,15.0,40.0,90.0,5.0,0,1,0,3,8,20,18,1,3,5,1,2,15.0,25.0,1,5.0,10.0
Grayson McCall,98002,QB,NC STATE,4,19,0.0,0,248,2,2,21.1,21.1,52.6,26.3,0,5,0,4,4,19,10,5,3,3,5,0,15.8,15.8,1,26.3,0.0
Cade McConnell,73935,QB,UTEP,4,18,33.3,0,330,0,1,16.7,27.8,88.9,5.6,0,2,6,3,5,18,16,1,1,5,2,0,5.6,27.8,1,11.1,0.0
Ruel Tomlinson,188241,QB,KENT STATE,4,18,11.1,0,201,0,2,5.6,11.1,61.1,16.7,0,5,2,1,2,18,11,3,3,4,5,1,16.7,22.2,3,27.8,5.6
Graham Mertz,97994,QB,FLORIDA,5,18,5.6,0,163,0,1,16.7,16.7,88.9,5.6,0,1,1,3,3,18,16,1,3,5,1,2,16.7,27.8,0,5.6,11.1
Jacurri Brown,156344,QB,UCF,6,18,16.7,0,323,0,3,11.1,0.0,55.6,22.2,0,4,3,2,0,18,10,4,2,3,4,1,11.1,16.7,1,22.2,5.6
Chandler Fields,97286,QB,LA LAFAYET,7,18,5.6,0,207,0,3,11.1,22.2,61.1,5.6,0,6,1,2,4,18,11,1,2,2,6,1,11.1,11.1,3,33.3,5.6
Drew Mestemaker,190616,QB,N TEXAS,4,17,5.9,0,251,1,1,5.9,41.2,76.5,5.9,0,3,1,1,7,17,13,1,2,3,3,1,11.8,17.6,1,17.6,5.9
Cameron Rising,77663,QB,UTAH,3,17,5.9,0,328,0,1,29.4,23.5,88.2,0.0,0,2,1,5,4,17,15,0,4,4,2,0,23.5,23.5,1,11.8,0.0
Preston Stone,124716,QB,SMU,6,17,23.5,0,287,0,1,0.0,11.8,82.4,17.6,0,1,4,0,2,17,14,3,3,6,1,0,17.6,35.3,0,5.9,0.0
Javance Tupou'ata-Johnson,175766,QB,S DIEGO ST,3,17,5.9,0,284,1,2,5.9,23.5,70.6,5.9,0,6,1,1,4,17,12,1,4,2,6,1,23.5,11.8,3,35.3,5.9
Arch Manning,173162,QB,TEXAS,7,17,5.9,0,311,2,1,5.9,0.0,47.1,5.9,0,9,1,1,0,17,8,1,2,4,9,1,11.8,23.5,6,52.9,5.9
Zach Pyron,156309,QB,GA TECH,5,16,18.8,0,176,0,3,25.0,12.5,75.0,0.0,0,4,3,4,2,16,12,0,1,2,4,0,6.3,12.5,1,25.0,0.0
Henry Belin IV,162693,QB,DUKE,2,16,6.3,0,154,0,0,6.3,37.5,100.0,-12.5,0,0,1,1,6,16,16,-2,1,4,0,6,6.3,25.0,0,0.0,37.5
Quinn Henicle,190064,QB,DOMINION,3,16,18.8,0,263,0,1,6.3,25.0,87.5,6.3,0,1,3,1,4,16,14,1,3,4,1,0,18.8,25.0,0,6.3,0.0
Dequan Finn,97804,QB,BAYLOR,2,16,12.5,0,118,0,5,12.5,25.0,50.0,12.5,0,6,2,2,4,16,8,2,0,0,6,0,0.0,0.0,1,37.5,0.0
Tyler Van Dyke,122225,QB,WISCONSIN,3,15,13.3,0,349,0,1,13.3,13.3,66.7,13.3,0,4,2,2,2,15,10,2,1,3,4,0,6.7,20.0,3,26.7,0.0
Justyn Martin,162461,QB,UCLA,3,15,33.3,0,324,1,1,13.3,26.7,80.0,6.7,0,2,5,2,4,15,12,1,2,0,2,1,13.3,0.0,0,13.3,6.7
Robby Ashford,131702,QB,S CAROLINA,6,15,20.0,0,289,0,0,26.7,26.7,93.3,6.7,0,0,3,4,4,15,14,1,2,5,0,1,13.3,33.3,0,0.0,6.7
Gavin Wimsatt,155757,QB,KENTUCKY,5,15,6.7,0,202,0,1,13.3,20.0,80.0,6.7,0,2,1,2,3,15,12,1,1,4,2,2,6.7,26.7,1,13.3,13.3
T.J. Finley,124093,QB,W KENTUCKY,3,15,6.7,0,346,0,0,0.0,40.0,93.3,6.7,0,0,1,0,6,15,14,1,4,5,0,0,26.7,33.3,0,0.0,0.0
Michael Kern,97799,QB,WAKE,5,14,0.0,0,339,0,0,14.3,7.1,64.3,21.4,0,2,0,2,1,14,9,3,3,0,2,3,21.4,0.0,2,14.3,21.4
Eddie Lee Marburger,145511,QB,UTSA,6,14,0.0,0,331,1,0,0.0,28.6,71.4,14.3,0,2,0,0,4,14,10,2,1,6,2,0,7.1,42.9,1,14.3,0.0
General Booty,71008,QB,LA MONROE,5,14,0.0,0,209,0,1,14.3,7.1,78.6,14.3,0,1,0,2,1,14,11,2,3,3,1,2,21.4,21.4,0,7.1,14.3
Nicco Marchiol,157363,QB,W VIRGINIA,7,14,0.0,0,343,0,2,7.1,14.3,64.3,7.1,0,4,0,1,2,14,9,1,5,1,4,1,35.7,7.1,2,28.6,7.1
Aaron Philo,183222,QB,GA TECH,4,14,28.6,0,176,0,1,14.3,14.3,85.7,7.1,0,1,4,2,2,14,12,1,1,3,1,0,7.1,21.4,0,7.1,0.0
Maealiuaki Smith,183921,QB,OKLA STATE,4,13,7.7,0,262,0,1,7.7,15.4,61.5,23.1,0,2,1,1,2,13,8,3,1,2,2,1,7.7,15.4,1,15.4,7.7
Timmy McClain,144488,QB,ARK STATE,4,13,7.7,0,113,0,1,7.7,46.2,84.6,0.0,0,2,1,1,6,13,11,0,0,3,2,0,0.0,23.1,1,15.4,0.0
Mike Wright,124366,QB,NWESTERN,3,13,7.7,0,256,3,3,15.4,7.7,53.8,0.0,0,6,1,2,1,13,7,0,1,2,6,0,7.7,15.4,0,46.2,0.0
Micah Alejado,184162,QB,HAWAII,3,13,15.4,0,180,2,3,15.4,7.7,53.8,0.0,0,6,2,2,1,13,7,0,2,0,6,0,15.4,0.0,1,46.2,0.0
Aidan Warner,177520,QB,FLORIDA,4,12,8.3,0,163,1,0,16.7,8.3,75.0,16.7,0,2,1,2,1,12,9,2,1,2,2,2,8.3,16.7,1,16.7,16.7
Blake Baker,170448,QB,LA TECH,2,12,8.3,0,208,0,2,0.0,16.7,66.7,8.3,0,3,1,0,2,12,8,1,1,3,3,1,8.3,25.0,1,25.0,8.3
Gabarri Johnson,175905,QB,OREGON ST,6,12,16.7,0,265,0,0,16.7,25.0,91.7,0.0,0,1,2,2,3,12,11,0,3,2,1,0,25.0,16.7,1,8.3,0.0
Drew Devillier,190639,QB,RICE,3,12,33.3,0,275,0,1,16.7,8.3,75.0,16.7,0,1,4,2,1,12,9,2,3,2,1,0,25.0,16.7,0,8.3,0.0
Noah Kim,129623,QB,COAST CAR,7,11,9.1,0,141,0,0,45.5,36.4,100.0,0.0,0,0,1,5,4,11,11,0,3,3,0,0,27.3,27.3,0,0.0,0.0
Jack Turner,162969,QB,LA TECH,6,11,18.2,0,208,0,1,9.1,18.2,81.8,0.0,0,2,2,1,2,11,9,0,2,2,2,1,18.2,18.2,1,18.2,9.1
Ryan Burger,157544,QB,LIBERTY,5,11,9.1,0,206,0,1,18.2,9.1,63.6,27.3,0,1,1,2,1,11,7,3,1,3,1,0,9.1,27.3,0,9.1,0.0
Tommy Schuster,108954,QB,MICH STATE,4,11,9.1,0,223,0,0,18.2,18.2,100.0,-9.1,0,1,1,2,2,11,11,-1,3,5,1,1,27.3,45.5,1,9.1,9.1
Steve Angeli,156966,QB,NOTRE DAME,8,11,0.0,0,258,0,0,9.1,18.2,54.5,18.2,0,3,0,1,2,11,6,2,0,4,3,0,0.0,36.4,3,27.3,0.0
Tad Hudson,170107,QB,COAST CAR,1,10,30.0,0,141,0,0,0.0,10.0,70.0,20.0,0,1,3,0,1,10,7,2,1,3,1,0,10.0,30.0,1,10.0,0.0
EJ Colson,190335,QB,UCF,2,10,10.0,0,323,0,1,0.0,20.0,50.0,20.0,0,3,1,0,2,10,5,2,2,1,3,0,20.0,10.0,2,30.0,0.0
Jackson Stratton,157206,QB,IOWA,3,10,20.0,0,192,1,1,20.0,10.0,60.0,10.0,0,3,2,2,1,10,6,1,2,1,3,0,20.0,10.0,1,30.0,0.0
Brandon Nunez,183978,QB,NEW MEX ST,5,10,0.0,0,242,1,0,30.0,10.0,70.0,10.0,0,2,0,3,1,10,7,1,0,2,2,2,0.0,20.0,1,20.0,20.0
Will Hammond,184898,QB,TEXAS TECH,4,10,10.0,0,315,0,1,10.0,30.0,70.0,0.0,0,4,1,1,3,10,7,0,1,1,4,0,10.0,10.0,3,40.0,0.0
Malachi Singleton,172426,QB,ARKANSAS,4,10,20.0,0,111,0,1,20.0,20.0,90.0,0.0,0,3,2,2,2,10,9,0,0,4,3,0,0.0,40.0,2,30.0,0.0
Jeff Sims,122496,QB,ARIZONA ST,2,10,10.0,0,110,0,1,0.0,30.0,90.0,0.0,0,1,1,0,3,10,9,0,1,3,1,1,10.0,30.0,0,10.0,10.0
Conner Harrell,156352,QB,N CAROLINA,4,9,11.1,0,245,1,2,33.3,11.1,66.7,0.0,0,3,1,3,1,9,6,0,0,1,3,1,0.0,11.1,0,33.3,11.1
Khalib Johnson,156331,QB,KENNESAW,3,9,0.0,0,200,0,0,0.0,33.3,77.8,11.1,0,1,0,0,3,9,7,1,1,2,1,1,11.1,22.2,1,11.1,11.1
Julian Dugger,183269,QB,PITTSBURGH,1,9,0.0,0,268,0,1,11.1,22.2,66.7,11.1,0,2,0,1,2,9,6,1,1,2,2,0,11.1,22.2,1,22.2,0.0
Josh Johnson,186429,QB,AIR FORCE,5,9,11.1,0,101,0,0,11.1,22.2,77.8,11.1,0,1,1,1,2,9,7,1,2,2,1,0,22.2,22.2,1,11.1,0.0
Ty Thompson,146568,QB,TULANE,6,9,0.0,0,319,0,2,0.0,0.0,44.4,22.2,0,3,0,0,0,9,4,2,0,4,3,0,0.0,44.4,1,33.3,0.0
Henry Hesson,145798,QB,MIAMI OH,5,9,11.1,0,221,1,0,0.0,22.2,77.8,0.0,0,2,1,0,2,9,7,0,2,2,2,0,22.2,22.2,1,22.2,0.0
David Lynch,170120,QB,PITTSBURGH,3,8,0.0,0,268,0,0,0.0,25.0,87.5,0.0,0,1,0,0,2,8,7,0,2,2,1,1,25.0,25.0,1,12.5,12.5
Daniel Beale,197861,QB,LA LAFAYET,3,8,0.0,0,207,0,2,0.0,12.5,62.5,12.5,0,2,0,0,1,8,5,1,1,3,2,0,12.5,37.5,0,25.0,0.0
Garret Rangel,157795,QB,OKLA STATE,4,8,25.0,0,262,0,1,25.0,0.0,62.5,25.0,0,1,2,2,0,8,5,2,0,3,1,0,0.0,37.5,0,12.5,0.0
Trexler Ivey,122184,QB,CHARLOTTE,4,8,0.0,0,136,0,0,25.0,37.5,100.0,0.0,0,0,0,2,3,8,8,0,3,1,0,1,37.5,12.5,0,0.0,12.5
Michael Merdinger,183334,QB,N CAROLINA,1,8,0.0,0,245,1,0,12.5,37.5,62.5,0.0,0,3,0,1,3,8,5,0,0,1,3,0,0.0,12.5,2,37.5,0.0
Beau Pribula,164182,QB,PENN STATE,7,8,12.5,0,266,0,0,25.0,12.5,87.5,12.5,0,0,1,2,1,8,7,1,2,3,0,0,25.0,37.5,0,0.0,0.0
Luke Bottari,73931,QB,UTAH,3,8,12.5,0,328,1,0,12.5,12.5,75.0,-12.5,0,2,1,1,1,8,6,-1,2,1,2,1,25.0,12.5,1,25.0,12.5
Chayden Peery,143925,QB,FIU,1,7,14.3,0,166,0,1,0.0,28.6,85.7,-14.3,0,1,1,0,2,7,6,-1,0,2,1,2,0.0,28.6,0,14.3,28.6
Deuce Hogan,129470,QB,NEW MEX ST,2,7,0.0,0,242,0,0,14.3,28.6,85.7,14.3,0,0,0,1,2,7,6,1,1,2,0,0,14.3,28.6,0,0.0,0.0
Hank Brown,172439,QB,AUBURN,3,7,0.0,0,115,0,0,42.9,42.9,100.0,0.0,0,0,0,3,3,7,7,0,0,0,0,2,0.0,0.0,0,0.0,28.6
Ty Simpson,157008,QB,ALABAMA,4,7,14.3,0,103,0,1,0.0,14.3,85.7,0.0,0,1,1,0,1,7,6,0,3,3,1,0,42.9,42.9,0,14.3,0.0
Tahj Bullock,144070,QB,AKRON,9,7,0.0,0,102,0,0,28.6,42.9,100.0,0.0,0,0,0,2,3,7,7,0,2,2,0,0,28.6,28.6,0,0.0,0.0
Tayven Jackson,157615,QB,INDIANA,4,7,28.6,0,190,0,1,14.3,14.3,57.1,28.6,0,1,2,1,1,7,4,2,0,0,1,1,0.0,0.0,0,14.3,14.3
Dewayne Coleman,163179,QB,ARMY,6,7,14.3,0,114,0,0,14.3,14.3,57.1,14.3,0,2,1,1,1,7,4,1,0,0,2,1,0.0,0.0,2,28.6,14.3
Chubba Purdy,122412,QB,NEVADA,4,7,0.0,0,239,0,1,28.6,0.0,71.4,0.0,0,2,0,2,0,7,5,0,1,2,2,1,14.3,28.6,1,28.6,14.3
Chandler Rogers,98683,QB,CAL,4,7,0.0,0,130,0,0,28.6,71.4,85.7,14.3,0,0,0,2,5,7,6,1,0,0,0,0,0.0,0.0,0,0.0,0.0
Zevi Eckhaus,148535,QB,WASH STATE,2,7,0.0,0,341,2,1,28.6,0.0,42.9,0.0,0,4,0,2,0,7,3,0,0,1,4,0,0.0,14.3,1,57.1,0.0
AJ Bianco,158232,QB,NEVADA,3,7,0.0,0,239,1,2,0.0,0.0,57.1,0.0,0,3,0,0,0,7,4,0,2,3,3,0,28.6,42.9,0,42.9,0.0
John White,184784,QB,SO MISS,3,7,14.3,0,296,0,0,0.0,57.1,100.0,-14.3,0,0,1,0,4,7,7,-1,1,2,0,1,14.3,28.6,0,0.0,14.3
Israel Carter,175310,QB,USF,3,6,0.0,0,327,0,2,0.0,0.0,66.7,0.0,0,2,0,0,0,6,4,0,3,1,2,0,50.0,16.7,0,33.3,0.0
Joshua Wood,163421,QB,FRESNO ST,6,6,0.0,0,169,0,1,16.7,16.7,83.3,0.0,0,1,0,1,1,6,5,0,2,1,1,1,33.3,16.7,0,16.7,16.7
Dexter Williams II,129457,QB,GA SOUTHRN,4,6,0.0,0,174,0,1,33.3,50.0,100.0,0.0,0,1,0,2,3,6,6,0,1,1,1,0,16.7,16.7,0,16.7,0.0
Christopher Vizzina,170032,QB,CLEMSON,6,6,16.7,0,140,0,0,16.7,16.7,83.3,0.0,0,1,1,1,1,6,5,0,1,1,1,1,16.7,16.7,1,16.7,16.7
Cardell Williams,156190,QB,TULSA,5,6,0.0,0,320,0,0,16.7,33.3,100.0,-16.7,0,0,0,1,2,6,6,-1,2,2,0,1,33.3,33.3,0,0.0,16.7
Brad Jackson,184354,QB,TEXAS ST,2,5,0.0,0,314,0,2,0.0,0.0,40.0,20.0,0,2,0,0,0,5,2,1,1,1,2,0,20.0,20.0,0,40.0,0.0
RJ Martinez,147690,QB,TEXAS ST,2,5,0.0,0,314,0,0,40.0,60.0,100.0,0.0,0,0,0,2,3,5,5,0,0,1,0,0,0.0,20.0,0,0.0,0.0
CJ Harris,130594,QB,CAL,2,5,20.0,0,130,0,0,20.0,40.0,100.0,0.0,0,0,1,1,2,5,5,0,1,1,0,0,20.0,20.0,0,0.0,0.0
Logan Smothers,129713,QB,JVILLE ST,2,5,20.0,0,196,0,1,0.0,0.0,80.0,0.0,0,1,1,0,0,5,4,0,2,1,1,0,40.0,20.0,0,20.0,0.0
Amari Jones,156543,QB,FIU,3,5,0.0,0,166,0,0,0.0,40.0,100.0,0.0,0,0,0,0,2,5,5,0,1,2,0,0,20.0,40.0,0,0.0,0.0
Jeremiah Salem,157478,QB,E MICHIGAN,3,5,20.0,0,160,0,0,40.0,40.0,100.0,0.0,0,1,1,2,2,5,5,0,1,1,1,0,20.0,20.0,1,20.0,0.0
Max Johnson,124099,QB,N CAROLINA,1,5,0.0,0,245,0,0,20.0,60.0,100.0,0.0,0,0,0,1,3,5,5,0,1,1,0,0,20.0,20.0,0,0.0,0.0
Gaston Moore,123756,QB,TENNESSEE,5,5,0.0,0,307,0,1,40.0,0.0,80.0,0.0,0,1,0,2,0,5,4,0,1,2,1,0,20.0,40.0,0,20.0,0.0
Brandon Rose,158503,QB,UTAH,2,5,20.0,0,328,1,0,20.0,0.0,60.0,20.0,0,1,1,1,0,5,3,1,0,1,1,0,0.0,20.0,0,20.0,0.0
Lucian Anderson III,173364,QB,BOWL GREEN,4,5,40.0,0,122,0,0,40.0,20.0,100.0,0.0,0,0,2,2,1,5,5,0,1,1,0,0,20.0,20.0,0,0.0,0.0
Jake Merklinger,184888,QB,TENNESSEE,2,5,0.0,0,307,0,1,20.0,60.0,60.0,0.0,0,2,0,1,3,5,3,0,1,0,2,0,20.0,0.0,1,40.0,0.0
Heinrich Haarberg,144993,QB,NEBRASKA,5,4,25.0,0,238,0,0,25.0,0.0,100.0,0.0,0,1,1,1,0,4,4,0,2,0,1,0,50.0,0.0,1,25.0,0.0
Ryan Boe,190878,QB,NWESTERN,1,4,25.0,0,256,0,0,25.0,0.0,100.0,0.0,0,1,1,1,0,4,4,0,1,1,1,0,25.0,25.0,1,25.0,0.0
Billy Atkins,148354,QB,JAMES MAD,2,4,0.0,0,197,0,0,25.0,25.0,75.0,25.0,0,0,0,1,1,4,3,1,0,1,0,0,0.0,25.0,0,0.0,0.0
Michael Johnson Jr.,97796,QB,SYRACUSE,1,4,0.0,0,304,0,0,25.0,50.0,100.0,0.0,0,1,0,1,2,4,4,0,0,1,1,0,0.0,25.0,1,25.0,0.0
Jayden Mandal,173516,QB,FRESNO ST,3,4,0.0,0,169,0,1,0.0,0.0,75.0,0.0,0,1,0,0,0,4,3,0,1,2,1,0,25.0,50.0,0,25.0,0.0
Emory Williams,170099,QB,MIAMI FL,2,4,25.0,0,220,0,0,25.0,25.0,100.0,0.0,0,0,1,1,1,4,4,0,1,1,0,0,25.0,25.0,0,0.0,0.0
Ryan Staub,171906,QB,COLORADO,3,4,50.0,0,143,0,0,0.0,25.0,100.0,-25.0,0,0,2,0,1,4,4,-1,0,2,0,1,0.0,50.0,0,0.0,25.0
Braxton Woodson,175276,QB,NAVY,3,4,25.0,0,237,1,0,0.0,0.0,75.0,0.0,0,1,1,0,0,4,3,0,1,0,1,1,25.0,0.0,0,25.0,25.0
Jacobe Robinson,174006,QB,BOSTON COL,1,4,0.0,0,121,0,1,0.0,0.0,25.0,25.0,0,2,0,0,0,4,1,1,0,1,2,0,0.0,25.0,1,50.0,0.0
Davis Beville,99588,QB,S CAROLINA,3,4,0.0,0,289,0,0,25.0,25.0,50.0,25.0,0,1,0,1,1,4,2,1,1,0,1,0,25.0,0.0,1,25.0,0.0
Ryan Hilinski,71295,QB,NWESTERN,3,4,0.0,0,256,0,0,25.0,25.0,100.0,0.0,0,0,0,1,1,4,4,0,2,0,0,0,50.0,0.0,0,0.0,0.0
Harrison Bailey,124266,QB,LOUISVILLE,3,3,66.7,0,210,0,1,0.0,0.0,66.7,0.0,0,1,2,0,0,3,2,0,0,0,1,0,0.0,0.0,0,33.3,0.0
Will Perry,184159,QB,UMASS,1,3,0.0,0,216,0,0,0.0,66.7,100.0,0.0,0,0,0,0,2,3,3,0,0,1,0,0,0.0,33.3,0,0.0,0.0
Bert Emanuel Jr.,158581,QB,C MICHIGAN,3,3,0.0,0,134,0,1,33.3,0.0,33.3,0.0,0,2,0,1,0,3,1,0,0,0,2,0,0.0,0.0,1,66.7,0.0
Dylan Lonergan,172386,QB,ALABAMA,2,3,0.0,0,103,0,0,0.0,33.3,100.0,0.0,0,0,0,0,1,3,3,0,1,0,0,1,33.3,0.0,0,0.0,33.3
KJ Jackson,184386,QB,ARKANSAS,1,3,0.0,0,111,0,1,33.3,33.3,66.7,0.0,0,1,0,1,1,3,2,0,0,0,1,0,0.0,0.0,0,33.3,0.0
Austin Simmons,175891,QB,OLE MISS,7,3,33.3,0,226,0,0,0.0,33.3,66.7,0.0,0,0,1,0,1,3,2,0,0,0,0,1,0.0,0.0,0,0.0,33.3
Nate Hampton,147548,QB,LIBERTY,1,3,0.0,0,206,0,0,0.0,33.3,100.0,0.0,0,0,0,0,1,3,3,0,0,2,0,0,0.0,66.7,0,0.0,0.0
Jacob Conover,70963,QB,UTAH ST,1,3,0.0,0,329,0,0,33.3,0.0,100.0,0.0,0,0,0,1,0,3,3,0,2,0,0,0,66.7,0.0,0,0.0,0.0
JD Sherrod,172365,QB,KENT STATE,2,3,0.0,0,201,0,0,33.3,33.3,66.7,0.0,0,1,0,1,1,3,2,0,0,0,1,0,0.0,0.0,1,33.3,0.0
Devin Brown,156479,QB,OHIO STATE,6,3,0.0,0,260,0,0,33.3,0.0,33.3,33.3,0,1,0,1,0,3,1,1,0,0,1,0,0.0,0.0,1,33.3,0.0
Brady Lichtenberg,144226,QB,CINCINNATI,2,3,33.3,0,138,0,0,0.0,33.3,100.0,0.0,0,0,1,0,1,3,3,0,1,1,0,0,33.3,33.3,0,0.0,0.0
Champ Long,170197,QB,MARYLAND,1,3,0.0,0,215,0,0,33.3,33.3,66.7,33.3,0,0,0,1,1,3,2,1,0,0,0,0,0.0,0.0,0,0.0,0.0
Ta'Quan Roberson,101625,QB,KANSAS ST,3,3,0.0,0,199,1,0,33.3,0.0,66.7,0.0,0,1,0,1,0,3,2,0,1,0,1,0,33.3,0.0,0,33.3,0.0
Pierce Clarkson,174699,QB,LOUISVILLE,1,3,0.0,0,210,0,0,0.0,33.3,100.0,0.0,0,0,0,0,1,3,3,0,1,1,0,1,33.3,33.3,0,0.0,33.3
Reese Poffenbarger,145346,QB,MIAMI FL,1,3,0.0,0,220,0,0,33.3,33.3,66.7,0.0,0,1,0,1,1,3,2,0,0,1,1,0,0.0,33.3,1,33.3,0.0
Ui Ale,173036,QB,HOUSTON,2,3,0.0,0,182,1,0,0.0,0.0,33.3,0.0,0,2,0,0,0,3,1,0,1,0,2,0,33.3,0.0,1,66.7,0.0
Rickie Collins,172474,QB,LSU,3,2,0.0,0,211,0,2,0.0,0.0,0.0,0.0,0,2,0,0,0,2,0,0,0,0,2,0,0.0,0.0,0,100.0,0.0
Broc Lowry,173383,QB,W MICHIGAN,5,2,0.0,0,347,0,0,0.0,100.0,100.0,0.0,0,0,0,0,2,2,2,0,0,1,0,0,0.0,50.0,0,0.0,0.0
Keldric Luster,175287,QB,SMU,3,2,0.0,0,287,0,1,0.0,50.0,50.0,0.0,0,1,0,0,1,2,1,0,0,0,1,0,0.0,0.0,0,50.0,0.0
Roman Gagliano,183961,QB,MIDDLE TN,2,2,50.0,0,224,0,0,0.0,50.0,100.0,0.0,0,0,1,0,1,2,2,0,0,0,0,0,0.0,0.0,0,0.0,0.0
Cole Pennington,156787,QB,MARSHALL,2,2,0.0,0,214,0,0,50.0,0.0,100.0,0.0,0,0,0,1,0,2,2,0,1,0,0,0,50.0,0.0,0,0.0,0.0
Jackson Brousseau,173480,QB,COLO STATE,1,2,0.0,0,144,0,1,50.0,0.0,50.0,0.0,0,1,0,1,0,2,1,0,0,0,1,0,0.0,0.0,0,50.0,0.0
John-Keawe Sagapolutele,175709,QB,HAWAII,2,2,0.0,0,180,0,0,50.0,0.0,100.0,0.0,0,0,0,1,0,2,2,0,1,1,0,0,50.0,50.0,0,0.0,0.0
Kyle Lowe,156595,QB,GA STATE,2,2,0.0,0,175,0,0,50.0,0.0,100.0,0.0,0,0,0,1,0,2,2,0,1,0,0,0,50.0,0.0,0,0.0,0.0
Nate Johnson,158489,QB,VANDERBILT,2,2,0.0,0,333,0,0,0.0,50.0,100.0,0.0,0,0,0,0,1,2,2,0,1,1,0,0,50.0,50.0,0,0.0,0.0
Gunnar Gray,171202,QB,BUFFALO,1,2,0.0,0,126,0,0,50.0,0.0,100.0,0.0,0,0,0,1,0,2,2,0,0,0,0,1,0.0,0.0,0,0.0,50.0
Ken Seals,124359,QB,TCU,5,2,0.0,0,305,0,1,50.0,0.0,50.0,0.0,0,1,0,1,0,2,1,0,0,1,1,0,0.0,50.0,0,50.0,0.0
Julian Sayin,183708,QB,OHIO STATE,4,2,50.0,0,260,0,0,0.0,0.0,100.0,0.0,0,0,1,0,0,2,2,0,0,1,0,0,0.0,50.0,0,0.0,0.0
Aidan Leffler,163088,QB,BALL ST,2,2,0.0,0,117,0,0,0.0,0.0,50.0,50.0,0,0,0,0,0,2,1,1,0,1,0,0,0.0,50.0,0,0.0,0.0
EJ Caminong,188167,QB,CAL,1,2,50.0,0,130,0,1,0.0,0.0,50.0,0.0,0,1,1,0,0,2,1,0,0,1,1,0,0.0,50.0,0,50.0,0.0
Malachi Nelson,174203,QB,BOISE ST,3,2,0.0,0,120,0,0,0.0,50.0,100.0,0.0,0,0,0,0,1,2,2,0,0,0,0,1,0.0,0.0,0,0.0,50.0
Alex Walker,186495,QB,COAST CAR,1,1,0.0,0,141,0,0,0.0,0.0,0.0,0.0,0,1,0,0,0,1,0,0,0,0,1,0,0.0,0.0,1,100.0,0.0
Shay Smith,188323,QB,UTEP,1,1,0.0,0,330,0,1,0.0,0.0,0.0,0.0,0,1,0,0,0,1,0,0,0,0,1,0,0.0,0.0,0,100.0,0.0
Kiael Kelly,145634,QB,BALL ST,5,1,0.0,0,117,0,0,0.0,0.0,0.0,100.0,0,0,0,0,0,1,0,1,0,0,0,0,0.0,0.0,0,0.0,0.0
Jackson Gutierrez,189488,QB,NAVY,1,1,0.0,0,237,0,0,0.0,0.0,100.0,0.0,0,0,0,0,0,1,1,0,0,1,0,0,0.0,100.0,0,0.0,0.0
Lucas Scheerhorn,190304,QB,KENNESAW,1,1,0.0,0,200,0,0,100.0,0.0,100.0,0.0,0,0,0,1,0,1,1,0,0,0,0,0,0.0,0.0,0,0.0,0.0
Tim Carpenter,190715,QB,TULSA,3,1,0.0,0,320,0,0,0.0,0.0,100.0,0.0,0,0,0,0,0,1,1,0,1,1,0,0,100.0,100.0,0,0.0,0.0
Miles O'Neill,191260,QB,TEXAS A&M,1,1,0.0,0,312,0,0,0.0,0.0,100.0,0.0,0,0,0,0,0,1,1,0,1,0,0,0,100.0,0.0,0,0.0,0.0
Lex Thomas,170381,QB,NC STATE,2,1,0.0,0,248,0,0,0.0,0.0,100.0,0.0,0,0,0,0,0,1,1,0,0,1,0,0,0.0,100.0,0,0.0,0.0
Navy Shuler,122254,QB,TENNESSEE,1,1,0.0,0,307,0,0,0.0,0.0,0.0,0.0,0,1,0,0,0,1,0,0,0,0,1,0,0.0,0.0,1,100.0,0.0
Dante Moore,173983,QB,OREGON,4,1,0.0,0,264,0,0,0.0,100.0,100.0,0.0,0,0,0,0,1,1,1,0,0,0,0,0,0.0,0.0,0,0.0,0.0
Austin Novosad,174133,QB,OREGON,1,1,0.0,0,264,0,0,100.0,100.0,100.0,0.0,0,0,0,1,1,1,1,0,0,0,0,0,0.0,0.0,0,0.0,0.0
Cameron Edge,162791,QB,MARYLAND,2,1,0.0,0,215,0,0,100.0,0.0,100.0,0.0,0,0,0,1,0,1,1,0,0,0,0,0,0.0,0.0,0,0.0,0.0
Christian Gelov,123074,QB,PURDUE,1,1,0.0,0,273,1,0,0.0,0.0,0.0,0.0,0,1,0,0,0,1,0,0,0,0,1,0,0.0,0.0,0,100.0,0.0
Braden Bohannon,160367,QB,KENNESAW,1,1,0.0,0,200,0,0,100.0,0.0,100.0,0.0,0,0,0,1,0,1,1,0,0,0,0,0,0.0,0.0,0,0.0,0.0
Zion Turner,158636,QB,JVILLE ST,1,1,0.0,0,196,0,0,100.0,0.0,100.0,0.0,0,0,0,1,0,1,1,0,0,0,0,0,0.0,0.0,0,0.0,0.0
Haden Carlson,123620,QB,FIU,1,1,0.0,0,166,0,0,0.0,100.0,100.0,0.0,0,0,0,0,1,1,1,0,0,0,0,0,0.0,0.0,0,0.0,0.0
Jalyn Gramstad,180656,QB,NEBRASKA,1,1,0.0,0,238,0,0,100.0,0.0,100.0,0.0,0,0,0,1,0,1,1,0,0,0,0,0,0.0,0.0,0,0.0,0.0
Jacob Knuth,157493,QB,KANSAS ST,2,1,0.0,0,199,0,0,0.0,0.0,100.0,0.0,0,0,0,0,0,1,1,0,1,0,0,0,100.0,0.0,0,0.0,0.0
Ethan Grunkemeyer,183606,QB,PENN STATE,1,1,0.0,0,266,1,0,0.0,0.0,0.0,0.0,0,1,0,0,0,1,0,0,0,0,1,0,0.0,0.0,0,100.0,0.0
Mabrey Mettauer,183668,QB,WISCONSIN,1,1,0.0,0,349,0,0,0.0,0.0,0.0,100.0,0,0,0,0,0,1,0,1,0,0,0,0,0.0,0.0,0,0.0,0.0
Hauss Hejny,183824,QB,TCU,1,1,0.0,0,305,0,0,0.0,0.0,100.0,0.0,0,0,0,0,0,1,1,0,1,0,0,0,100.0,0.0,0,0.0,0.0
Landry Lyddy,156581,QB,UAB,2,1,0.0,0,321,0,0,0.0,0.0,100.0,0.0,0,0,0,0,0,1,1,0,0,0,0,1,0.0,0.0,0,0.0,100.0
Trent Pearman,156233,QB,CLEMSON,3,1,0.0,0,140,0,0,0.0,0.0,100.0,0.0,0,0,0,0,0,1,1,0,0,1,0,0,0.0,100.0,0,0.0,0.0
Jalen Macon,153929,QB,N ILLINOIS,1,1,0.0,0,254,0,0,100.0,0.0,100.0,0.0,0,0,0,1,0,1,1,0,0,1,0,0,0.0,100.0,0,0.0,0.0
Hunter Herring,147138,QB,LA MONROE,2,1,0.0,0,209,0,0,0.0,100.0,100.0,0.0,0,0,0,0,1,1,1,0,0,0,0,0,0.0,0.0,0,0.0,0.0
