player,player_id,position,team_name,player_game_count,attempts,avoided_tackles,breakaway_attempts,breakaway_percent,breakaway_yards,declined_penalties,designed_yards,drops,elu_recv_mtf,elu_rush_mtf,elu_yco,elusive_rating,explosive,first_downs,franchise_id,fumbles,gap_attempts,grades_hands_fumble,grades_offense,grades_offense_penalty,grades_pass,grades_pass_block,grades_pass_route,grades_run,grades_run_block,longest,penalties,rec_yards,receptions,routes,run_plays,scramble_yards,scrambles,targets,total_touches,touchdowns,yards,yards_after_contact,yco_attempt,ypa,yprr,zone_attempts
Bryson Daily,147303,QB,ARMY,13,319,48,23,31.7,525,0,1621,0,0,45,820,37.7,43,131,114,6,112,68.9,91.5,62.8,67.8,,54.7,91.1,60.1,42,3,0,0,1,650,33,6,1,313,32,1654,852,2.67,5.2,0.0,133
Tyler Huff,142567,QB,JVILLE ST,14,217,52,19,35.2,511,1,1273,0,0,36,643,62.8,54,79,196,10,93,55.6,88.7,66.3,75.9,,,85.4,60.0,51,4,0,0,0,540,179,25,0,192,15,1452,763,3.52,6.7,,75
Diego Pavia,156927,QB,VANDERBILT,13,194,49,8,23.3,209,0,622,0,0,30,433,52.0,32,51,333,7,105,66.6,88.0,71.7,85.0,86.8,56.7,73.9,60.3,36,4,0,0,1,409,276,36,0,158,8,898,683,3.52,4.6,0.0,13
Riley Leonard,143862,QB,NOTRE DAME,16,173,42,6,18.1,178,0,611,0,0,28,359,67.0,25,68,258,4,67,71.7,83.5,60.8,73.9,,57.2,82.8,60.0,50,4,-8,1,0,435,371,51,1,123,17,982,551,3.18,5.7,,27
Blake Horvath,162555,QB,NAVY,12,173,32,19,58.0,758,0,1231,1,0,30,615,71.6,29,67,237,12,82,28.5,84.8,66.9,59.8,,51.1,90.6,60.0,95,2,13,1,4,432,76,13,2,161,17,1307,660,3.82,7.6,3.25,35
Devon Dampier,171556,QB,NEW MEXICO,12,160,54,18,38.8,459,0,897,0,0,37,374,96.1,39,72,241,10,77,56.9,89.9,89.9,78.9,,,86.5,60.8,85,4,0,0,0,422,287,40,0,120,19,1184,521,3.26,7.4,,29
Parker Navarro,123758,QB,OHIO,13,153,46,14,34.9,386,0,743,0,0,27,419,87.0,40,60,259,10,50,36.3,81.4,72.1,69.7,,,82.7,60.1,55,2,0,0,0,410,363,39,0,114,18,1106,624,4.08,7.2,,33
Jalen Milroe,146590,QB,ALABAMA,13,150,32,12,40.4,355,0,679,0,0,23,325,47.1,30,54,103,11,67,53.0,87.4,80.6,78.3,,60.0,81.8,60.1,72,5,0,0,1,382,200,24,0,126,20,879,433,2.89,5.9,0.0,27
John Mateer,158516,QB,WASH STATE,12,149,54,12,33.6,339,0,607,0,0,23,416,90.2,37,66,341,3,54,69.1,83.4,72.5,70.8,,84.5,86.2,60.1,68,4,21,0,0,337,401,46,0,103,15,1008,702,4.71,6.8,,18
Hunter Watson,183993,QB,SM HOUSTON,12,149,21,8,24.8,193,0,612,0,0,16,329,33.7,20,43,281,8,78,62.6,69.1,79.7,61.7,62.2,54.3,71.2,60.3,46,3,0,0,1,378,166,24,0,125,9,778,408,2.74,5.2,0.0,25
Hajj-Malik Williams,102348,QB,UNLV,13,144,47,11,32.0,321,0,534,1,0,11,218,30.3,35,54,325,8,45,39.3,76.7,79.8,67.3,,29.7,78.3,60.0,71,2,0,0,3,387,469,55,1,89,9,1003,656,4.56,7.0,0.0,25
LaNorris Sellers,174326,QB,S CAROLINA,12,141,47,7,24.4,208,0,435,0,0,22,187,48.6,26,46,289,11,50,25.5,76.6,63.2,70.6,,,73.8,60.2,75,8,0,0,0,363,417,49,0,92,7,852,581,4.12,6.0,,21
Brendon Lewis,131687,QB,NEVADA,12,138,43,11,26.2,247,0,653,0,0,31,359,98.1,40,59,239,7,59,50.8,90.1,89.1,79.3,81.4,72.4,85.4,60.5,67,2,18,1,4,368,289,32,1,107,8,942,505,3.66,6.8,4.5,21
Braylon Braxton,144442,QB,MARSHALL,11,133,29,7,24.0,159,0,496,0,0,17,331,44.9,23,41,214,2,49,64.4,81.2,87.2,77.6,,,70.9,60.0,35,2,0,0,0,319,167,21,0,112,4,663,454,3.41,5.0,,32
Ashton Daniels,157259,QB,STANFORD,11,131,24,8,31.4,252,0,521,0,0,15,313,56.7,26,34,300,7,53,46.6,71.7,87.4,65.5,,60.0,71.2,60.0,67,0,0,0,1,239,281,40,0,91,3,802,444,3.39,6.1,0.0,20
Taylen Green,145996,QB,ARKANSAS,13,129,41,6,16.2,133,0,409,0,0,20,234,60.4,32,49,111,12,59,45.1,86.6,65.6,79.2,,,81.2,60.0,41,6,0,0,0,371,414,41,0,88,8,823,453,3.51,6.4,,16
Haynes King,124329,QB,GA TECH,11,123,17,10,39.2,228,0,531,0,0,13,271,25.7,22,45,176,8,82,51.8,85.9,88.1,81.0,62.2,,74.4,60.1,30,0,0,0,0,357,50,6,0,117,11,581,323,2.63,4.7,,10
Quentin Hayes,186423,QB,AIR FORCE,10,122,17,8,32.0,166,0,474,0,0,17,246,31.9,17,48,101,5,31,44.7,85.1,85.8,64.8,,89.9,81.0,60.0,30,0,29,1,3,382,44,8,2,115,7,518,259,2.12,4.2,9.67,7
Jackson Arnold,173684,QB,OKLAHOMA,10,118,18,6,23.9,156,0,363,0,0,6,190,19.7,24,34,261,10,47,34.6,63.2,87.8,57.7,81.4,77.0,65.6,60.1,47,1,16,2,4,285,290,43,2,77,3,653,417,3.53,5.5,4.0,18
Garrett Greene,123420,QB,W VIRGINIA,11,117,32,12,30.5,259,0,451,0,0,17,304,82.8,33,43,343,10,37,51.8,83.0,80.4,74.4,,55.0,80.6,60.0,56,1,0,0,1,366,398,38,0,79,6,849,482,4.12,7.3,0.0,12
Jaylen Raynor,172203,QB,ARK STATE,13,116,38,5,19.8,111,0,259,0,0,22,198,90.2,17,32,113,6,27,78.5,76.4,89.7,72.5,,87.9,68.8,60.0,40,0,11,1,1,365,303,47,1,70,3,562,420,3.62,4.8,11.0,18
C.J. Ogbonna,149182,QB,BUFFALO,13,114,17,4,16.4,72,0,290,0,0,13,170,25.6,15,25,126,11,37,38.2,63.6,66.1,64.9,,57.2,56.6,60.0,26,4,0,0,0,471,149,21,0,93,8,439,238,2.09,3.9,,35
Avery Johnson,173108,QB,KANSAS ST,13,111,22,11,35.5,248,0,516,0,0,13,177,29.7,31,42,199,2,51,71.9,81.1,72.5,72.9,,,80.7,60.0,33,4,0,0,0,398,183,23,0,88,7,699,265,2.39,6.3,,22
Alonza Barnett III,156710,QB,JAMES MAD,12,110,24,8,35.2,235,1,450,0,0,14,233,52.3,21,38,197,12,39,42.8,68.6,80.9,65.4,,55.9,65.4,60.4,50,4,0,0,1,380,217,31,0,79,7,667,397,3.61,6.1,0.0,24
Ethan Vasko,163817,QB,COAST CAR,12,110,13,5,22.1,101,0,355,0,0,10,211,22.4,15,38,141,7,33,78.1,84.2,78.9,78.2,62.2,51.6,76.3,60.0,29,3,0,0,2,371,101,13,1,97,5,456,268,2.44,4.1,0.0,37
Cole Snyder,97617,QB,E MICHIGAN,12,109,8,4,17.2,88,0,370,0,0,4,122,8.0,16,37,160,6,19,56.6,72.9,82.2,73.2,62.2,52.7,60.4,60.1,29,3,0,0,2,385,143,31,0,78,4,513,208,1.91,4.7,0.0,34
Marcel Reed,175940,QB,TEXAS A&M,11,108,17,5,14.1,88,1,309,0,0,11,151,39.3,22,30,312,6,36,53.6,68.3,66.9,64.6,,,67.1,60.1,31,5,4,0,0,315,313,43,0,65,7,622,283,2.62,5.8,,15
Sam Leavitt,175465,QB,ARIZONA ST,13,107,34,4,15.9,80,0,73,0,0,12,122,46.7,21,38,110,0,12,82.6,88.5,74.5,82.2,,57.5,80.1,60.5,40,9,0,0,2,440,429,51,0,56,5,502,311,2.91,4.7,0.0,17
Davis Bryson,160369,QB,KENNESAW,11,106,13,5,22.0,86,0,336,0,0,11,152,18.5,16,22,200,8,58,59.0,57.4,78.7,51.7,,56.7,65.7,60.0,20,4,0,0,1,370,55,11,0,95,4,391,186,1.75,3.7,0.0,9
Kaidon Salter,132046,QB,LIBERTY,11,103,25,8,29.2,201,0,394,0,0,15,215,62.2,25,42,206,13,21,38.1,82.0,71.2,75.7,,,76.4,60.0,41,3,0,0,0,429,294,31,0,72,7,688,394,3.83,6.7,,26
Zeon Chriss,156733,QB,HOUSTON,11,101,33,5,32.6,170,0,396,0,1,21,241,80.8,13,26,182,10,42,25.9,60.8,70.7,53.4,,75.6,65.1,60.1,71,1,29,2,3,224,125,21,3,82,4,521,365,3.61,5.2,9.67,22
Colton Joseph,172283,QB,DOMINION,9,100,19,10,35.2,253,0,460,0,0,12,273,61.5,29,39,263,10,14,25.3,67.8,75.2,54.6,,,79.9,60.1,39,1,0,0,0,249,259,27,0,73,11,719,414,4.14,7.2,,43
Jaxson Dart,146409,QB,OLE MISS,13,100,22,4,13.1,85,0,264,0,0,8,139,36.8,28,33,226,3,29,73.3,92.5,65.9,91.9,,56.7,75.3,60.5,35,7,0,0,1,382,384,45,0,55,3,648,312,3.12,6.5,0.0,10
Cade Klubnik,156253,QB,CLEMSON,14,99,15,2,17.9,105,1,346,0,0,6,115,13.3,19,33,140,9,26,52.2,89.3,89.8,87.7,62.2,51.6,67.4,60.1,55,2,0,0,2,356,242,27,0,72,7,588,290,2.93,5.9,0.0,13
Brayden Schager,146078,QB,HAWAII,11,96,17,4,19.8,104,1,228,0,0,7,194,70.1,18,39,180,4,11,65.6,74.9,60.9,69.7,,,75.3,60.0,46,5,0,0,0,195,296,52,0,44,6,524,357,3.72,5.5,,4
JC French,162521,QB,GA SOUTHRN,13,96,8,0,0.0,0,0,158,0,0,0,82,0.0,13,35,174,11,22,26.2,69.0,89.6,67.7,86.8,44.8,62.5,60.1,19,2,0,0,2,344,221,42,0,54,2,379,215,2.24,3.9,0.0,9
Caden Veltkamp,156642,QB,W KENTUCKY,13,96,1,2,14.0,38,0,156,0,0,0,70,0.0,8,31,346,15,35,45.6,78.9,89.3,79.0,,37.8,62.3,60.1,21,0,0,0,5,346,116,20,0,76,7,272,99,1.03,2.8,0.0,4
Will Howard,122599,QB,OHIO STATE,16,96,9,1,5.5,18,0,229,0,0,6,106,9.6,13,35,260,8,32,50.6,86.4,89.7,85.7,62.2,,64.3,60.0,19,1,0,1,0,432,99,15,1,82,7,328,146,1.52,3.4,,18
Jalon Daniels,122555,QB,KANSAS,12,95,27,3,17.6,86,0,303,0,0,20,169,63.4,19,28,198,8,16,58.7,77.6,70.5,72.6,,,73.6,60.6,33,4,0,0,0,403,187,22,0,73,6,490,280,2.95,5.2,,27
Anthony Colandrea,170131,QB,VIRGINIA,11,94,23,4,17.1,88,0,228,0,0,12,89,29.2,21,23,335,6,20,52.9,64.2,79.2,58.5,,74.0,69.2,60.0,35,1,27,1,4,287,286,34,1,61,2,514,199,2.12,5.5,6.75,13
Brendan Sorsby,156398,QB,CINCINNATI,12,93,15,5,25.9,135,0,330,0,0,9,163,37.0,18,38,138,4,23,64.0,76.3,81.3,72.4,,55.9,70.8,60.0,41,1,0,0,1,356,192,30,0,63,9,522,278,2.99,5.6,0.0,13
Evan Svoboda,157664,QB,WYOMING,12,92,4,5,38.1,151,0,349,0,0,4,159,9.2,11,32,351,11,51,32.1,54.8,76.5,50.1,,55.1,64.8,60.3,51,1,0,0,3,294,47,9,0,83,5,396,167,1.82,4.3,0.0,17
Jake Retzlaff,70874,QB,BYU,13,91,13,2,6.5,33,0,264,0,0,7,153,21.9,21,29,128,8,39,37.5,74.7,81.7,72.0,,37.9,68.5,60.2,29,1,0,0,6,400,247,21,0,70,6,511,311,3.42,5.6,0.0,14
Rocco Becht,157567,QB,IOWA STATE,14,89,7,2,12.1,47,0,120,0,0,0,71,0.0,13,42,193,4,15,72.5,76.7,76.4,69.7,,54.8,80.8,60.1,32,3,0,0,3,432,268,35,0,54,8,388,186,2.09,4.4,0.0,11
Tucker Gleason,122475,QB,TOLEDO,12,88,14,6,33.0,148,0,315,0,0,10,145,30.5,16,26,316,14,29,37.3,70.2,89.1,66.8,,,67.2,60.0,35,1,0,0,0,339,133,19,0,69,7,448,227,2.58,5.1,,18
Kyron Drones,144506,QB,VA TECH,9,87,19,1,12.6,53,0,274,0,0,14,218,58.9,13,31,337,6,30,51.0,79.6,86.7,73.2,,78.4,73.4,60.2,53,1,-2,2,3,264,145,16,2,73,6,419,307,3.53,4.8,-0.67,23
Kevin Jennings,158272,QB,SMU,14,87,21,6,33.5,145,0,261,0,0,16,90,36.3,14,24,287,7,25,47.8,85.1,89.6,85.0,62.2,60.0,63.1,60.1,59,0,0,0,1,413,172,24,0,63,5,433,149,1.71,5.0,0.0,24
Payton Thorne,101629,QB,AUBURN,11,86,8,1,7.0,31,0,190,0,0,1,66,3.3,12,20,115,3,17,68.4,74.7,88.2,74.4,,57.5,62.3,60.4,31,3,0,0,2,261,255,41,0,45,2,445,158,1.84,5.2,0.0,20
Nico Iamaleava,174728,QB,TENNESSEE,13,85,12,4,19.2,91,0,175,0,0,3,86,21.1,15,25,307,10,11,38.5,78.3,89.5,81.7,,,53.7,60.0,31,4,0,0,0,398,300,50,0,35,3,475,305,3.59,5.6,,13
Taisun Phommachanh,99577,QB,UMASS,9,85,31,2,7.3,33,0,239,0,0,12,142,56.3,15,26,216,4,17,46.5,62.7,65.8,62.7,,,59.4,60.0,33,4,0,0,0,273,216,30,0,55,3,455,378,4.45,5.4,,30
Thomas Castellanos,158433,QB,BOSTON COL,8,82,10,3,16.0,46,0,104,0,0,7,76,14.8,12,15,121,7,34,31.4,66.3,45.4,74.8,,,50.9,60.0,18,4,0,0,0,242,183,22,0,60,1,287,132,1.61,3.5,,6
CJ Bailey,183349,QB,NC STATE,12,81,28,0,0.0,0,0,148,0,0,12,73,40.5,12,21,248,8,16,34.3,74.0,78.4,74.3,62.2,51.6,61.6,60.7,31,1,-6,1,2,283,242,35,1,47,5,390,247,3.05,4.8,-3.0,12
Drew Allar,164157,QB,PENN STATE,16,81,21,0,0.0,0,0,98,0,0,6,68,28.3,17,36,266,5,11,69.2,82.2,90.7,79.1,,52.7,72.6,62.1,22,1,-4,0,9,448,321,43,0,38,6,419,252,3.11,5.2,-0.44,5
Aidan Chiles,173727,QB,MICH STATE,12,78,30,2,11.8,45,1,203,0,0,18,131,78.0,14,28,223,6,3,49.1,74.3,60.7,64.8,,60.0,84.9,60.0,26,7,0,0,1,310,177,23,0,55,3,380,279,3.58,4.9,0.0,26
Cam Fancher,145266,QB,FAU,9,76,17,4,31.6,154,0,268,0,0,9,128,75.7,18,25,165,4,13,55.1,62.2,62.3,59.9,,,63.3,60.0,76,2,0,0,0,211,220,37,0,39,3,488,248,3.26,6.4,,18
Athan Kaliakmanis,144971,QB,RUTGERS,13,75,5,1,5.9,20,0,130,0,0,1,64,3.2,13,25,278,2,6,76.2,77.3,75.0,73.0,,89.2,71.5,60.0,20,4,0,0,0,445,211,30,0,45,3,341,124,1.65,4.5,,18
Gio Lopez,172309,QB,S ALABAMA,11,73,24,5,27.8,150,0,296,0,0,9,180,87.6,17,35,288,2,29,61.2,81.4,88.4,70.6,,,86.1,60.1,50,0,0,0,0,305,244,30,0,43,7,540,323,4.42,7.4,,5
Brady Cook,124199,QB,MISSOURI,12,73,9,3,16.8,63,0,172,0,0,4,45,6.9,15,27,229,5,27,64.2,80.4,70.9,75.1,,54.3,76.6,60.2,31,2,0,0,1,356,203,22,1,51,5,375,109,1.49,5.1,0.0,3
Nick Evers,158082,QB,UCONN,9,73,7,2,15.4,44,0,233,0,0,6,106,19.6,7,20,146,6,18,53.5,60.9,73.1,61.6,,60.0,57.4,60.0,23,2,0,0,2,247,53,16,1,57,3,286,134,1.84,3.9,0.0,25
Luke Altmyer,146802,QB,ILLINOIS,13,72,9,5,23.7,101,0,205,0,0,1,80,4.6,17,27,187,11,6,28.8,76.4,89.4,74.7,,,63.6,60.1,37,3,3,1,0,379,221,31,1,42,4,426,204,2.83,5.9,,11
Ethan Crawford,173571,QB,SO MISS,8,72,20,1,5.9,21,0,266,0,0,17,193,91.1,14,21,296,4,24,40.7,65.5,84.2,55.2,,,72.3,60.2,21,1,0,0,0,168,87,12,0,60,3,353,276,3.83,4.9,,21
John Busha,173849,QB,AIR FORCE,6,72,14,0,0.0,0,0,174,0,0,13,119,36.6,6,19,101,6,26,28.4,58.4,67.5,53.3,,,62.1,60.1,12,1,0,0,0,236,36,7,0,65,1,210,120,1.67,2.9,,6
Jack Lausch,162845,QB,NWESTERN,10,71,9,2,11.9,43,0,187,0,0,2,83,7.8,13,19,256,6,15,45.9,54.7,65.8,52.7,,53.8,62.1,60.1,29,2,0,0,2,216,175,25,0,46,2,362,157,2.21,5.1,0.0,16
Skyler Locklear,164027,QB,UTEP,10,70,16,2,11.0,33,0,122,0,0,9,83,43.4,18,23,330,3,14,56.3,67.9,87.0,65.7,,90.1,61.2,60.3,18,0,32,3,3,258,178,30,3,43,2,300,166,2.37,4.3,10.67,12
Keyone Jenkins,170403,QB,FIU,12,70,6,0,0.0,0,0,77,0,0,2,67,6.3,6,15,166,11,19,26.4,69.5,78.1,72.1,,,52.1,60.0,34,1,0,0,0,300,120,24,0,46,2,197,159,2.27,2.8,,3
Seth Henigan,144267,QB,MEMPHIS,13,70,7,3,17.7,51,0,147,0,0,3,55,8.9,11,23,218,3,0,71.5,81.7,90.0,79.3,,54.3,66.6,60.0,23,0,0,0,1,399,141,27,1,43,1,288,117,1.67,4.1,0.0,24
Brock Vandagriff,146713,QB,KENTUCKY,11,69,12,0,0.0,0,0,164,0,0,9,158,56.9,13,25,202,7,17,49.2,71.8,75.8,66.7,,54.3,71.7,60.9,22,2,0,0,0,269,159,19,0,50,0,323,232,3.36,4.7,,2
Cooper Legas,101286,QB,TULSA,11,69,11,1,12.2,33,0,201,0,0,8,145,32.2,6,13,320,6,38,53.5,60.5,69.6,56.3,,59.3,65.3,60.0,33,1,0,0,1,176,70,9,0,60,1,271,175,2.54,3.9,0.0,15
Billy Edwards Jr.,144185,QB,MARYLAND,11,69,14,1,5.6,15,0,129,0,0,9,94,41.8,8,18,215,3,16,82.2,75.9,88.8,71.3,,60.0,73.7,60.1,15,1,-6,0,0,250,138,24,0,45,5,267,150,2.17,3.9,,8
Owen McCown,157688,QB,UTSA,13,68,10,2,10.7,55,1,102,0,0,2,34,10.9,14,21,331,7,0,75.9,81.4,83.2,77.3,62.2,54.3,73.9,60.2,75,4,-4,0,1,379,410,43,0,25,3,512,170,2.5,7.5,-4.0,2
Hank Bachmeier,101284,QB,WAKE,12,67,13,1,5.8,20,0,5,0,0,0,22,0.0,15,21,339,7,3,52.8,73.6,89.2,72.3,,51.6,61.9,60.0,20,2,5,1,2,307,338,46,1,22,1,343,197,2.94,5.1,2.5,2
Evan Simon,129906,QB,TEMPLE,9,67,3,0,0.0,0,1,77,0,0,1,56,3.3,3,12,306,4,10,60.2,70.3,87.7,72.3,,54.3,54.3,60.0,16,3,0,0,1,244,111,26,0,41,3,188,91,1.36,2.8,0.0,9
Shedeur Sanders,131396,QB,COLORADO,13,64,10,0,0.0,0,1,21,0,0,0,22,0.0,12,25,143,7,0,65.4,91.0,81.8,90.5,62.2,60.0,67.4,60.0,17,7,0,0,1,242,284,39,0,25,4,305,233,3.64,4.8,0.0,12
Demond Williams Jr.,183648,QB,WASHINGTON,13,63,21,3,13.5,50,0,165,0,0,8,102,68.6,12,19,340,2,9,67.0,83.0,83.6,74.5,,61.3,77.2,60.0,43,0,3,1,1,131,205,29,1,35,2,370,222,3.52,5.9,3.0,22
Eli Holstein,172381,QB,PITTSBURGH,10,63,10,2,12.2,52,0,124,0,0,3,59,19.7,14,23,268,9,6,28.1,63.1,87.1,57.1,,,72.0,60.1,49,0,0,0,0,189,301,33,0,30,3,425,247,3.92,6.7,,12
Bryson Barnes,131845,QB,UTAH ST,9,63,12,9,44.2,247,0,377,0,0,7,192,53.8,18,31,329,2,32,59.0,76.7,83.8,63.5,,54.3,80.5,60.1,63,1,0,0,1,158,182,13,0,50,5,559,228,3.62,8.9,0.0,12
Jordan McCloud,101058,QB,TEXAS ST,13,63,9,3,20.3,74,0,197,0,0,3,67,13.9,11,21,314,7,19,56.5,82.8,73.4,81.6,,,65.2,60.1,42,2,0,0,0,394,167,25,0,38,7,364,191,3.03,5.8,,4
Dillon Gabriel,86272,QB,OREGON,14,62,14,4,42.0,126,0,179,0,0,7,67,29.3,9,22,264,4,15,70.5,86.8,90.0,86.3,,51.6,61.8,60.2,54,4,0,0,2,427,121,22,0,40,7,300,155,2.5,4.8,0.0,8
Nicholas Vattiato,145302,QB,MIDDLE TN,12,61,8,0,0.0,0,0,40,0,0,0,13,0.0,6,17,224,7,1,45.7,78.5,89.1,78.6,,,58.1,60.1,16,1,0,0,0,259,183,38,0,23,1,223,143,2.34,3.7,,11
Ben Finley,122864,QB,AKRON,12,60,8,2,21.1,48,0,86,0,0,4,31,7.8,11,13,102,6,15,51.2,61.6,69.1,62.4,,80.0,54.3,60.1,33,5,15,2,4,211,141,21,2,41,0,227,61,1.02,3.8,3.75,10
Ben Wooldridge,82115,QB,LA LAFAYET,11,60,7,1,5.3,15,0,103,0,0,2,38,6.6,10,26,207,2,4,65.6,83.8,78.1,81.2,,57.2,69.9,60.0,18,5,0,0,0,293,181,26,0,34,5,284,146,2.43,4.7,,14
Maddux Madsen,163379,QB,BOISE ST,14,59,14,1,6.6,18,0,45,0,0,5,34,20.2,9,21,120,2,1,74.6,74.3,90.0,70.7,,,67.7,60.1,49,1,0,0,0,480,226,30,0,29,5,271,178,3.02,4.6,,5
Alex Orji,158545,QB,MICHIGAN,11,58,17,4,33.6,99,0,248,0,0,11,175,87.1,11,19,222,3,35,47.6,59.2,82.1,39.4,62.2,55.8,70.3,60.1,29,0,0,0,2,157,47,11,1,47,1,295,220,3.79,5.1,0.0,5
Ethan Garbers,131896,QB,UCLA,11,57,10,0,0.0,0,0,16,0,0,1,22,6.1,9,19,324,9,2,42.7,69.1,78.6,68.3,,,60.7,60.1,57,2,0,0,0,239,325,38,0,19,1,341,272,4.77,6.0,,5
Braxton Woodson,175276,QB,NAVY,9,55,13,2,38.7,65,0,129,0,0,9,98,33.9,5,12,237,3,22,46.1,58.5,49.8,56.0,,,60.7,60.0,38,1,0,0,0,118,39,4,0,51,3,168,140,2.55,3.1,,12
Joey Aguilar,174978,QB,APP STATE,11,55,15,2,19.0,64,0,117,0,0,5,53,33.8,14,24,108,4,2,62.6,71.9,80.5,66.8,,60.0,75.9,60.0,49,3,0,0,1,347,219,27,0,28,2,336,205,3.73,6.1,0.0,13
Justin Lamson,144052,QB,STANFORD,12,55,5,0,0.0,0,0,127,0,0,4,68,11.3,2,26,300,3,44,34.6,65.1,80.8,58.2,,54.8,66.8,60.3,12,0,0,0,4,90,29,6,0,49,8,156,108,1.96,2.8,0.0,3
Michael Hawkins Jr.,184595,QB,OKLAHOMA,7,55,20,1,6.9,20,1,122,0,0,9,87,81.5,12,15,261,5,8,33.5,61.9,83.5,61.5,,,59.5,60.0,48,1,0,0,0,119,166,24,0,31,1,288,220,4.0,5.2,,12
Byrum Brown,156206,QB,USF,6,54,15,4,26.4,94,0,252,0,0,12,170,137.7,13,16,327,2,16,66.0,67.0,84.0,61.5,,78.4,67.2,60.1,42,1,12,1,2,142,104,16,1,39,3,356,238,4.41,6.6,6.0,11
Ty Thompson,146568,QB,TULANE,12,53,7,2,25.8,67,0,238,0,0,5,148,30.8,7,21,319,1,33,64.0,65.8,81.1,43.0,,53.9,76.9,60.1,50,0,0,0,4,110,22,4,0,49,6,260,158,2.98,4.9,0.0,8
Fernando Mendoza,158323,QB,CAL,11,52,8,2,12.3,41,0,90,0,0,0,22,0.0,12,21,130,3,12,62.3,77.4,71.5,75.7,,54.1,66.3,60.2,50,4,9,0,1,262,244,28,0,24,2,334,156,3.0,6.4,9.0,2
Tahj Bullock,144070,QB,AKRON,12,52,9,1,9.1,15,0,153,3,1,9,87,28.0,2,18,102,4,20,32.5,70.8,84.1,70.3,,54.4,73.0,61.2,15,0,63,10,47,110,12,1,16,61,8,165,104,2.0,3.2,1.34,22
Chandler Morris,122938,QB,N TEXAS,12,52,13,3,18.4,54,0,54,0,0,7,36,57.1,11,15,251,2,3,76.1,78.9,89.7,75.8,,55.9,69.4,60.2,49,0,0,0,1,286,240,31,0,21,4,294,117,2.25,5.7,0.0,4
Kyle McCord,145053,QB,SYRACUSE,13,51,2,1,18.7,29,0,34,0,0,0,13,0.0,5,23,304,6,1,58.6,90.5,83.7,87.5,,56.0,77.4,60.8,29,1,0,0,2,351,121,15,0,36,3,155,81,1.59,3.0,0.0,1
Sawyer Robertson,146839,QB,BAYLOR,12,51,9,2,19.4,65,0,139,0,0,6,104,79.6,10,19,118,2,3,60.9,78.1,72.4,74.8,,,70.8,60.1,45,3,0,0,0,364,196,23,0,28,4,335,194,3.8,6.6,,12
Stone Earle,123504,QB,MARSHALL,8,51,6,2,12.3,31,0,172,0,0,5,68,24.8,10,17,214,3,11,43.5,58.0,63.5,55.2,62.2,,62.8,60.0,16,3,0,0,0,116,80,14,0,37,0,252,103,2.02,4.9,,12
Darian Mensah,169984,QB,TULANE,13,50,7,0,0.0,0,0,29,0,0,1,17,5.2,10,21,319,7,1,33.8,82.1,89.1,81.4,,49.3,62.7,60.1,22,2,0,0,4,405,221,32,0,18,1,250,83,1.66,5.0,0.0,0
Jase Bauer,145714,QB,SM HOUSTON,7,49,2,4,36.0,73,0,141,0,0,2,84,11.9,9,11,281,2,16,63.0,68.8,81.5,71.1,,57.4,60.4,60.0,25,0,1,1,1,115,62,12,1,38,0,203,113,2.31,4.1,1.0,6
Donovan Smith,73929,QB,HOUSTON,9,49,10,2,22.7,56,0,168,0,0,5,84,32.4,9,20,182,2,18,65.6,60.5,48.6,53.0,,,70.6,60.0,37,5,0,0,0,136,79,13,0,36,3,247,147,3.0,5.0,,8
Jacurri Brown,156344,QB,UCF,9,49,16,6,44.1,188,0,316,0,0,11,129,115.8,11,20,323,3,19,46.5,65.3,33.0,48.9,,,78.2,60.0,67,3,0,0,0,118,110,14,0,35,4,426,202,4.12,8.7,,11
Carson Beck,124010,QB,GEORGIA,13,49,5,0,0.0,0,1,7,0,0,1,15,2.8,8,14,173,8,1,41.9,81.2,73.6,80.2,,,62.2,60.0,14,11,0,0,0,317,190,26,0,23,1,197,57,1.16,4.0,,2
Max Brosmer,105568,QB,MINNESOTA,13,49,3,0,0.0,0,0,15,0,0,0,15,0.0,1,18,225,4,4,63.8,84.0,81.3,84.2,,53.4,59.1,60.4,28,1,0,0,2,339,119,25,0,24,5,134,83,1.69,2.7,0.0,0
Jacolby Criswell,122830,QB,N CAROLINA,12,48,11,1,5.5,15,1,45,0,0,1,33,14.7,10,22,245,5,2,52.9,69.1,79.6,66.2,,51.4,67.8,60.2,20,3,-2,0,3,315,227,33,0,15,3,272,144,3.0,5.7,-0.67,3
Gevani McCoy,147609,QB,OREGON ST,10,48,16,5,25.6,103,0,133,0,0,5,55,62.4,13,21,265,8,1,35.0,68.7,75.1,66.7,,51.6,63.0,60.1,71,1,0,0,2,268,270,27,0,21,5,403,208,4.33,8.4,0.0,12
Bryce Archie,156667,QB,USF,12,48,7,4,37.0,95,0,177,0,0,4,65,27.1,8,13,327,3,13,50.6,62.4,87.4,60.1,62.2,47.7,63.6,60.1,35,1,0,0,1,233,80,17,0,31,2,257,118,2.46,5.4,0.0,8
Josh Holst,171312,QB,N ILLINOIS,7,48,2,4,35.0,93,0,135,0,0,1,63,8.6,8,10,254,3,9,64.4,56.3,83.1,49.2,,77.0,65.4,60.1,36,0,0,0,1,129,131,21,0,27,1,266,112,2.33,5.5,0.0,9
Isaac Wilson,183872,QB,UTAH,9,48,7,1,8.8,15,0,40,0,0,2,45,10.7,5,8,328,6,7,34.9,49.9,86.2,51.3,62.2,,49.4,60.2,48,0,0,0,0,217,130,19,0,29,0,170,92,1.92,3.5,,12
KJ Jefferson,99129,QB,UCF,5,48,15,2,16.5,44,0,196,0,0,7,113,54.8,10,17,323,3,21,53.9,69.7,51.6,64.9,,,69.9,60.2,23,2,0,0,0,199,71,10,0,38,2,267,172,3.58,5.6,,11
Danny O'Neil,184200,QB,S DIEGO ST,11,48,8,2,24.2,62,0,101,0,0,4,28,28.0,8,11,284,5,7,58.8,69.8,88.8,73.4,62.2,59.5,45.5,60.2,34,3,0,0,1,319,155,28,1,20,1,256,88,1.83,5.3,0.0,9
Gavin Wimsatt,155757,QB,KENTUCKY,8,47,9,2,19.9,39,0,182,0,0,8,112,44.2,6,15,202,2,32,62.2,68.9,79.9,57.5,,,71.2,60.0,24,0,0,0,0,93,14,2,0,45,2,196,114,2.43,4.2,,4
Noah Fifita,158722,QB,ARIZONA,12,46,8,1,9.1,20,0,40,1,0,1,16,5.2,12,16,109,3,3,68.2,76.1,89.1,73.1,,57.3,69.0,60.0,24,2,14,1,2,267,179,29,2,18,1,219,156,3.39,4.8,7.0,4
Ethan Hampton,145858,QB,N ILLINOIS,11,46,8,0,0.0,0,0,28,0,0,0,11,0.0,7,16,254,5,3,52.9,70.3,78.3,65.0,,51.9,74.0,61.0,32,2,0,0,3,355,187,27,0,19,2,215,104,2.26,4.7,0.0,2
Cam Ward,133244,QB,MIAMI FL,13,44,11,0,0.0,0,0,11,0,0,0,6,0.0,14,23,220,4,3,50.5,92.9,89.5,91.7,,84.3,77.8,60.0,24,0,7,1,2,313,325,32,1,13,4,336,174,3.95,7.6,3.5,1
Parker Awad,183974,QB,NEW MEX ST,7,44,6,2,18.8,42,0,121,0,0,3,54,18.0,6,12,242,4,13,58.4,59.6,57.9,49.6,,,77.3,60.0,25,2,0,0,0,212,103,14,0,30,1,224,86,1.95,5.1,,7
Michael Van Buren Jr.,184764,QB,MISS STATE,10,43,6,0,0.0,0,0,28,0,0,0,8,0.0,2,12,227,9,6,45.9,65.9,65.0,67.1,,,55.4,60.0,17,6,0,0,0,225,134,28,0,15,5,162,117,2.72,3.8,,7
DJ Lagway,184426,QB,FLORIDA,12,42,5,1,13.3,25,0,94,0,0,1,43,6.4,4,7,163,2,8,58.9,67.0,49.5,72.9,,,46.1,60.5,25,4,0,0,0,257,94,16,0,26,0,188,111,2.64,4.5,,11
Matthew Caldwell,150302,QB,TROY,10,41,1,2,29.7,30,0,90,0,0,1,53,3.6,5,14,318,7,14,29.6,63.7,86.3,62.0,62.2,85.1,59.1,60.0,15,1,29,1,2,243,11,3,1,39,5,101,69,1.68,2.5,14.5,12
Ryan Browne,174949,QB,PURDUE,8,41,9,3,26.5,59,0,116,0,0,3,49,23.5,9,11,273,2,14,61.5,67.0,81.8,57.1,,54.3,73.4,60.0,23,0,0,0,1,101,107,16,0,25,0,223,94,2.29,5.4,0.0,9
Josh Hoover,127148,QB,TCU,13,41,2,0,0.0,0,0,10,0,0,0,9,0.0,2,12,305,7,2,57.7,83.5,81.9,84.3,62.2,58.2,53.8,60.7,12,3,0,0,2,319,76,17,0,24,4,86,45,1.1,2.1,0.0,3
Bishop Davenport,163426,QB,S ALABAMA,11,41,7,1,27.2,50,0,140,0,0,4,99,38.7,5,9,288,1,21,52.8,63.4,56.6,59.0,,,65.4,60.0,50,2,0,0,0,100,44,9,0,32,1,184,133,3.24,4.5,,4
Brendan Sullivan,145034,QB,IOWA,10,41,9,2,18.8,38,0,85,0,0,4,40,33.1,5,15,192,5,5,24.5,59.1,82.3,56.0,,,59.9,60.0,30,2,0,0,0,153,117,19,0,22,4,202,76,1.85,4.9,,9
Katin Houser,158386,QB,E CAROLINA,9,40,7,3,30.7,71,1,152,0,0,5,98,58.3,7,16,156,4,18,43.8,74.1,64.3,73.2,,,63.3,60.0,35,4,0,0,0,252,79,11,0,29,4,231,153,3.83,5.8,,4
Brayden Fowler-Nicolosi,157207,QB,COLO STATE,13,40,1,1,15.2,21,0,4,0,0,1,7,2.0,4,8,144,5,0,66.3,69.3,50.1,72.5,,63.7,45.4,60.4,23,6,6,1,5,432,134,22,2,19,4,138,18,0.45,3.5,1.2,7
Dewayne Coleman,163179,QB,ARMY,7,40,8,1,10.9,15,0,138,0,0,8,100,50.0,3,12,114,1,19,79.9,72.9,41.5,74.6,,,65.1,60.7,15,1,0,0,0,95,0,0,0,40,1,138,100,2.5,3.5,,12
Robby Ashford,131702,QB,S CAROLINA,8,39,17,5,47.1,123,0,202,0,0,11,98,119.8,9,11,289,5,18,21.6,77.2,79.5,74.5,,,68.4,60.0,38,0,0,0,0,77,59,9,0,30,2,261,133,3.41,6.7,,7
Matthew Sluka,143059,QB,UNLV,3,39,19,3,35.9,97,0,223,0,0,13,163,194.6,9,16,325,4,15,27.9,75.4,53.0,59.2,,54.3,81.8,60.0,46,1,0,0,1,106,47,6,0,33,1,270,225,5.77,6.9,0.0,4
Brett Gabbert,97404,QB,MIAMI OH,14,39,1,0,0.0,0,0,-5,0,0,0,2,0.0,3,6,221,2,1,64.8,60.1,54.2,60.6,62.2,,53.7,60.0,18,6,0,0,0,312,136,22,0,17,1,131,61,1.56,3.4,,4
Behren Morton,144747,QB,TEXAS TECH,12,38,2,2,29.7,47,0,69,0,0,0,13,0.0,4,8,315,3,4,74.9,79.0,89.7,77.9,,49.3,60.2,60.6,26,1,0,0,2,333,89,19,0,19,1,158,49,1.29,4.2,0.0,6
Nicco Marchiol,157363,QB,W VIRGINIA,8,38,9,2,26.2,37,0,90,0,0,5,61,41.8,5,7,343,2,14,42.1,60.1,81.0,65.6,,,52.3,60.0,19,0,0,0,0,95,51,11,0,27,2,141,114,3.0,3.7,,2
Tommy Ulatowski,163150,QB,KENT STATE,10,38,5,2,23.6,34,0,60,0,0,2,22,8.3,5,7,201,6,7,51.0,57.2,85.5,58.3,,50.0,52.8,60.3,34,2,0,0,2,180,84,15,0,23,1,144,49,1.29,3.8,0.0,7
Beau Pribula,164182,QB,PENN STATE,13,38,9,2,26.2,67,0,207,0,0,6,73,37.9,8,13,266,4,14,37.4,91.4,54.1,92.6,,51.4,76.4,60.5,49,1,0,0,9,135,49,4,0,34,4,256,99,2.61,6.7,0.0,16
Walker Eget,146170,QB,S JOSE ST,12,38,5,2,29.6,48,0,81,0,0,3,61,25.1,5,8,285,5,8,65.3,84.7,86.9,81.8,,54.3,70.3,60.1,32,2,0,0,1,170,81,11,0,27,0,162,109,2.87,4.3,0.0,3
Collin Schlee,98025,QB,VA TECH,10,38,13,1,10.2,18,0,120,0,0,4,52,28.5,4,10,337,2,10,42.4,61.4,81.3,52.6,,55.0,68.4,61.0,18,0,0,0,5,87,56,11,0,27,2,176,124,3.26,4.6,0.0,10
Luke Kromenhoek,183305,QB,FLORIDA ST,6,38,9,3,31.2,78,0,135,0,0,3,98,73.5,9,11,167,6,10,33.8,62.3,82.3,57.4,,,65.9,60.1,42,0,0,0,0,99,115,18,0,20,0,250,192,5.05,6.6,,8
Quinn Ewers,127253,QB,TEXAS,14,37,2,0,0.0,0,0,-35,0,0,0,2,0.0,2,9,311,10,2,28.3,72.5,89.8,71.8,62.2,54.3,55.6,60.0,26,1,0,0,1,373,125,19,0,18,2,90,51,1.38,2.4,0.0,2
Aidan Armenta,175731,QB,LA MONROE,12,37,3,2,49.3,75,0,88,0,0,1,54,8.6,8,9,209,7,6,56.3,71.6,64.2,67.4,,57.6,71.7,60.1,43,6,0,0,1,296,64,12,0,25,1,152,82,2.22,4.1,0.0,8
Evan Bullock,170452,QB,LA TECH,12,37,5,0,0.0,0,0,38,0,0,1,15,3.1,3,7,208,9,2,38.5,68.3,88.5,68.9,,51.3,54.6,61.5,14,3,0,0,4,306,45,15,0,22,1,83,71,1.92,2.2,0.0,4
Tucker Kilcrease,156863,QB,TROY,7,36,6,2,25.3,41,0,117,0,0,3,61,27.1,5,6,318,3,16,57.8,53.1,80.1,58.4,,,50.6,60.0,25,0,0,0,0,75,45,10,0,26,0,162,120,3.33,4.5,,3
Joshua Wood,163421,QB,FRESNO ST,13,36,12,0,0.0,0,0,115,0,0,12,107,111.1,5,12,169,0,21,78.5,77.4,78.2,68.2,,56.4,73.4,60.0,15,0,0,0,3,54,17,2,0,34,6,132,112,3.11,3.7,0.0,9
Tyler Jefferson,171233,QB,C MICHIGAN,7,35,4,4,43.0,111,0,149,0,0,2,70,43.2,9,12,134,4,11,23.5,42.4,81.5,36.8,,,57.0,60.3,44,0,0,0,0,98,109,17,0,18,1,258,118,3.37,7.4,,4
Kiael Kelly,145634,QB,BALL ST,11,35,6,1,25.3,24,0,95,0,0,6,87,39.2,2,5,117,4,28,51.9,55.9,80.0,49.6,,59.7,57.4,60.3,24,0,10,3,22,49,0,0,3,38,1,95,87,2.49,2.7,0.45,6
Dylan Raiola,183581,QB,NEBRASKA,13,34,1,1,15.3,15,0,8,0,0,0,5,0.0,4,7,238,7,2,43.3,72.1,89.6,71.5,,,54.7,60.6,38,4,0,0,0,371,90,13,0,21,0,98,32,0.94,2.9,,6
Kurtis Rourke,97998,QB,INDIANA,12,33,3,0,0.0,0,0,0,0,0,0,8,0.0,4,9,190,7,4,56.8,88.4,88.5,90.2,,54.3,46.7,60.2,12,2,0,0,1,328,100,17,0,16,2,100,49,1.48,3.0,0.0,3
Grayson James,145214,QB,BOSTON COL,6,33,4,0,0.0,0,0,11,0,0,1,16,4.9,5,11,121,5,7,65.8,68.9,85.0,64.8,,,68.9,60.2,20,0,0,0,0,189,119,15,0,18,3,130,107,3.24,3.9,,2
JP Pickles,183996,QB,UTEP,3,33,3,1,10.2,17,0,92,0,0,1,52,9.8,5,10,330,0,21,76.3,58.3,79.8,46.7,,54.3,69.2,60.2,17,0,0,0,1,62,74,10,0,23,1,166,103,3.12,5.0,0.0,2
Santino Marucci,144197,QB,NEW MEX ST,7,32,7,1,19.5,38,0,100,0,0,3,44,45.7,8,10,242,4,4,27.6,50.5,63.7,50.5,,,55.3,60.3,38,1,0,0,0,128,95,15,0,17,1,195,95,2.97,6.1,,6
Zach Gibson,100201,QB,GA STATE,7,32,3,1,11.6,16,0,50,0,0,1,17,8.7,5,13,175,3,4,68.3,73.8,65.4,73.5,,,63.0,60.0,16,2,0,0,0,103,88,18,0,14,1,138,42,1.31,4.3,,2
Zach Pyron,156309,QB,GA TECH,10,32,5,0,0.0,0,0,79,0,0,3,53,30.1,4,13,176,0,14,76.3,60.2,80.3,53.0,,,67.2,60.0,20,1,0,0,0,67,55,9,0,23,4,134,96,3.0,4.2,,6
Nick Poulos,188474,QB,OHIO,8,31,6,3,30.1,58,0,116,0,0,5,85,80.3,10,14,259,4,13,23.0,66.1,52.1,63.5,,,64.6,60.0,22,1,0,0,0,99,77,8,0,23,1,193,107,3.45,6.2,,2
Quinn Henicle,190064,QB,DOMINION,3,30,4,4,60.9,196,0,280,0,0,4,58,31.8,8,10,263,1,11,55.0,73.9,79.5,40.8,,,87.7,60.1,92,0,0,0,0,89,42,3,0,27,3,322,61,2.03,10.7,,12
DJ Uiagalelei,122162,QB,FLORIDA ST,5,30,7,0,0.0,0,0,-1,0,0,1,18,5.0,1,8,167,2,6,65.1,71.2,83.6,72.5,,,56.3,60.0,13,2,0,0,0,115,47,11,0,19,0,46,69,2.3,1.5,,3
Chandler Rogers,98683,QB,CAL,8,30,3,1,24.3,25,0,72,0,0,1,22,3.7,3,7,130,0,13,76.5,60.8,78.5,56.0,,55.8,63.3,60.0,25,0,3,1,3,57,31,6,1,25,1,103,28,0.93,3.4,1.0,1
Hudson Card,123109,QB,PURDUE,10,30,7,0,0.0,0,0,24,0,1,3,31,51.7,5,7,273,2,7,77.9,73.3,74.0,72.0,,59.1,63.8,60.1,23,2,-7,1,1,192,104,15,1,16,0,128,69,2.3,4.3,-7.0,2
Tyler Shough,83537,QB,LOUISVILLE,12,30,2,1,35.6,47,0,63,0,0,0,16,0.0,2,9,210,2,3,72.6,87.4,71.1,87.7,,,56.0,60.1,47,3,0,0,0,322,69,18,0,12,1,132,57,1.9,4.4,,2
Connor Bazelak,99135,QB,BOWL GREEN,13,29,0,1,19.1,17,0,38,0,0,0,20,0.0,4,9,122,5,5,69.5,77.6,89.4,75.4,,48.4,66.6,60.3,19,2,0,0,3,350,51,7,0,22,2,89,26,0.9,3.1,0.0,6
Chandler Fields,97286,QB,LA LAFAYET,7,28,1,1,31.2,34,0,53,0,0,1,34,13.3,4,6,207,0,2,75.6,87.3,58.8,91.0,,,56.7,60.0,34,1,0,0,0,107,56,12,0,16,2,109,54,1.93,3.9,,6
Hayden Wolff,98362,QB,W MICHIGAN,13,28,2,0,0.0,0,0,-25,0,0,0,8,0.0,2,3,347,5,3,58.0,70.5,71.7,71.5,,46.3,49.0,60.0,16,4,0,0,2,412,51,11,1,17,0,26,39,1.39,0.9,0.0,1
Jacob Zeno,98014,QB,UAB,4,27,1,0,0.0,0,0,33,0,0,0,14,0.0,5,5,321,2,2,61.6,68.0,83.5,66.4,,,62.4,60.1,26,2,0,0,0,134,128,19,0,8,0,161,50,1.85,6.0,,4
Joe Fagnano,104768,QB,UCONN,10,27,2,1,19.6,19,0,60,0,0,2,37,22.8,2,6,146,3,5,67.3,68.9,85.8,68.9,,58.9,57.0,60.3,19,2,0,0,2,210,37,9,0,18,1,97,50,1.85,3.6,0.0,8
Tayven Jackson,157615,QB,INDIANA,7,26,4,1,31.4,16,0,39,0,0,3,25,13.0,3,7,190,1,4,76.2,79.3,80.3,75.1,62.2,,70.1,60.1,16,0,0,0,0,111,12,2,0,24,3,51,25,0.96,2.0,,5
Bert Emanuel Jr.,158581,QB,C MICHIGAN,3,26,3,4,49.6,70,0,139,0,0,3,63,32.8,5,7,134,1,19,43.2,65.6,75.4,61.7,62.2,,62.3,60.0,20,0,0,0,0,37,2,2,0,24,3,141,67,2.58,5.4,,5
William Watson III,174771,QB,VA TECH,5,26,4,0,0.0,0,0,71,0,0,1,36,14.1,3,10,337,2,8,56.5,62.1,80.7,53.7,,,70.7,60.0,15,0,0,0,0,81,57,10,0,16,1,128,77,2.96,4.9,,7
Kadin Semonza,174001,QB,BALL ST,12,25,1,1,36.3,53,0,64,0,0,1,61,50.8,3,6,117,7,1,30.0,67.6,89.7,68.8,62.2,46.8,46.4,61.5,53,1,0,2,7,312,82,15,2,12,1,146,89,3.56,5.8,0.0,3
Garrett Nussmeier,146757,QB,LSU,13,25,1,0,0.0,0,0,9,0,0,0,5,0.0,4,11,211,5,0,64.0,84.5,89.9,81.3,,,70.0,60.1,14,4,0,0,0,331,84,12,0,13,3,93,29,1.16,3.7,,2
Blake Shapen,122282,QB,MISS STATE,4,25,2,0,0.0,0,0,10,0,0,0,7,0.0,3,4,227,6,1,29.3,77.2,82.6,84.6,,,45.4,60.2,18,1,0,0,0,98,86,18,0,7,2,96,70,2.8,3.8,,2
Mikey Keene,70961,QB,FRESNO ST,12,25,0,0,0.0,0,0,-11,0,0,0,5,0.0,1,3,169,6,2,42.6,71.2,79.8,73.5,62.2,53.9,39.7,60.8,14,3,0,0,5,279,33,9,0,16,0,22,14,0.56,0.9,0.0,3
Spencer Petras,82136,QB,UTAH ST,9,24,4,0,0.0,0,0,35,0,0,1,16,9.5,0,4,329,2,7,63.5,67.6,87.4,68.3,62.2,,50.4,60.0,9,0,0,0,0,225,43,11,0,13,1,78,50,2.08,3.3,,0
Brock Glenn,170335,QB,FLORIDA ST,7,24,4,1,11.3,17,0,61,0,0,1,30,24.8,6,5,167,3,5,61.2,54.2,59.6,51.0,,57.2,63.7,60.3,17,1,0,0,0,74,90,13,0,11,0,151,126,5.25,6.3,,6
Broc Lowry,173383,QB,W MICHIGAN,11,24,9,1,28.6,40,0,137,0,0,9,78,145.0,4,7,347,0,11,76.9,81.1,75.5,55.5,,,76.4,60.0,40,0,0,0,0,38,3,2,0,22,3,140,82,3.42,5.8,,9
Jalen Kitna,146688,QB,UAB,8,24,2,1,20.6,21,0,9,0,0,0,9,0.0,3,4,321,7,3,28.2,60.2,75.5,65.2,62.2,54.1,31.1,60.7,21,4,-9,1,3,166,93,16,1,9,0,102,42,1.75,4.3,-3.0,2
Jake Garcia,143941,QB,E CAROLINA,6,24,5,0,0.0,0,0,43,0,0,0,14,0.0,3,10,156,5,9,44.4,68.1,84.9,63.2,62.2,,72.8,60.1,19,0,0,0,0,162,85,11,0,13,2,128,59,2.46,5.3,,2
Christian Veilleux,145086,QB,GA STATE,10,24,5,3,37.1,56,0,83,0,0,2,46,31.8,7,9,175,3,2,62.1,63.6,86.8,60.4,,,69.4,60.0,23,1,0,0,0,206,68,7,0,17,1,151,71,2.96,6.3,,5
Heinrich Haarberg,144993,QB,NEBRASKA,12,24,0,0,0.0,0,0,95,0,0,0,44,0.0,4,7,238,0,15,76.5,69.6,81.3,53.7,,59.4,75.4,69.7,13,0,16,2,25,66,10,1,2,25,1,105,44,1.83,4.4,0.64,6
E.J. Warner,156185,QB,RICE,11,23,1,0,0.0,0,0,17,0,0,0,6,0.0,2,5,275,5,4,60.6,66.7,88.5,66.7,,53.9,51.3,60.0,11,2,0,0,2,226,64,12,0,11,1,81,44,1.91,3.5,0.0,3
Logan Smothers,129713,QB,JVILLE ST,7,23,2,3,57.1,104,0,175,0,0,2,38,17.2,6,10,196,1,6,26.6,58.7,77.8,49.5,,,63.8,60.0,72,0,0,0,0,65,7,2,0,21,3,182,45,1.96,7.9,,11
Kaden Anderson,127312,QB,WYOMING,9,23,1,1,44.4,24,1,51,0,0,1,17,3.9,1,4,351,1,8,62.5,67.2,43.0,72.0,,,49.8,60.0,24,2,0,0,0,141,3,2,0,21,2,54,19,0.83,2.3,,10
Brandon Nunez,183978,QB,NEW MEX ST,6,23,3,1,16.3,15,0,86,0,0,3,54,36.7,1,8,242,1,13,50.0,51.8,79.2,43.3,,57.2,62.0,60.0,15,0,0,0,0,86,6,2,0,21,2,92,59,2.57,4.0,,3
Emmett Brown,157344,QB,S JOSE ST,9,23,5,0,0.0,0,0,7,0,0,3,16,18.8,0,1,285,8,2,35.7,71.5,69.9,69.9,,54.6,66.1,60.0,8,3,0,0,2,126,26,7,0,16,1,33,24,1.04,1.4,0.0,6
Max Brown,157756,QB,CHARLOTTE,5,23,6,1,14.9,20,0,51,0,0,3,44,163.0,5,5,136,2,3,42.7,45.3,56.7,44.5,,,56.4,60.0,20,1,0,0,0,75,83,14,0,9,0,134,72,3.13,5.8,,0
Gabarri Johnson,175905,QB,OREGON ST,6,23,11,3,35.8,48,0,74,0,0,5,47,104.4,7,7,265,2,8,46.2,58.9,4.2,46.4,,,72.0,60.0,23,2,0,0,0,47,60,8,0,15,1,134,80,3.48,5.8,,3
Dylan Rizk,174360,QB,UCF,6,22,3,0,0.0,0,0,55,0,0,0,14,0.0,3,7,323,3,2,32.7,67.9,82.9,71.0,,54.3,53.1,60.3,33,3,0,0,1,120,77,8,0,14,0,132,31,1.41,6.0,0.0,11
Forrest Brock,173260,QB,TEMPLE,3,22,4,0,0.0,0,0,50,0,0,4,32,35.5,3,2,306,4,6,32.5,60.5,56.4,68.6,,,41.6,60.0,12,1,0,0,0,72,14,3,0,19,1,64,59,2.68,2.9,,8
Jeff Sims,122496,QB,ARIZONA ST,4,22,7,0,0.0,0,0,86,0,0,7,61,166.8,3,9,110,0,13,74.5,63.3,78.5,48.6,,,72.2,60.2,12,1,0,0,0,66,29,6,0,16,1,115,65,2.95,5.2,,3
Brad Jackson,184354,QB,TEXAS ST,3,22,4,3,31.7,52,0,144,0,0,3,74,61.5,9,12,314,0,12,75.5,74.1,76.5,45.6,,,80.1,60.0,18,0,0,0,0,44,20,3,0,19,4,164,87,3.95,7.5,,5
Arch Manning,173162,QB,TEXAS,10,21,3,2,56.2,82,0,88,0,0,2,83,57.4,4,8,311,4,4,43.5,88.0,82.3,81.0,,,81.1,60.0,67,0,0,0,0,126,58,4,0,17,4,146,149,7.1,7.0,,3
Lucian Anderson III,173364,QB,BOWL GREEN,8,21,4,1,31.1,19,0,51,0,0,3,50,41.6,4,5,122,0,9,75.5,66.2,76.2,47.6,,,72.2,60.0,19,0,0,0,0,40,10,2,0,19,2,61,75,3.57,2.9,,3
Maalik Murphy,157302,QB,DUKE,12,20,1,0,0.0,0,0,-30,0,0,1,12,3.7,0,2,154,2,1,67.2,73.5,80.9,72.0,62.2,60.0,59.1,60.1,8,2,0,0,0,340,10,2,0,18,2,-20,21,1.05,-1.0,,2
Mike Wright,124366,QB,NWESTERN,3,20,3,3,67.1,55,0,38,0,0,1,7,3.6,6,7,256,2,4,74.1,62.2,80.1,57.9,,,65.8,60.1,20,0,0,0,0,70,44,6,0,14,1,82,23,1.15,4.1,,7
Conner Weigman,158683,QB,TEXAS A&M,6,20,5,0,0.0,0,0,6,0,0,0,4,0.0,4,6,312,0,1,74.2,59.0,46.7,55.3,,,68.2,60.0,18,2,0,0,0,141,135,16,0,4,0,141,68,3.4,7.1,,1
Kirk Francis,173296,QB,TULSA,11,20,1,0,0.0,0,0,2,0,0,0,1,0.0,3,4,320,4,1,47.4,62.6,47.7,64.9,,54.3,49.2,60.0,15,3,0,0,1,174,76,17,0,3,0,78,42,2.1,3.9,0.0,2
Alan Bowman,77679,QB,OKLA STATE,11,20,0,0,0.0,0,0,25,0,0,0,13,0.0,1,3,262,1,4,74.2,71.5,67.0,70.6,,88.7,57.4,60.2,12,3,14,1,1,259,4,1,1,20,0,29,14,0.7,1.5,14.0,3
Tony Muskett,142933,QB,VIRGINIA,8,20,6,2,22.6,33,0,85,0,0,4,47,95.9,7,12,335,1,8,74.9,72.0,80.3,61.2,,,83.6,60.0,18,1,0,0,0,58,61,6,0,14,4,146,56,2.8,7.3,,4
MJ Morris,157404,QB,MARYLAND,7,19,3,0,0.0,0,0,45,0,0,2,32,32.7,1,3,215,1,8,74.6,59.2,45.7,56.5,,,64.1,60.0,14,1,0,0,0,50,21,5,0,14,1,66,45,2.37,3.5,,2
Tyriq Starks,156514,QB,FAU,5,19,7,0,0.0,0,0,46,0,0,5,37,185.0,3,5,165,1,4,53.4,62.3,80.9,49.8,,89.2,74.6,60.0,12,0,0,0,0,95,61,9,0,10,0,107,77,4.05,5.6,,4
Ahmad Haston,173396,QB,UMASS,5,19,2,3,52.0,89,0,152,0,0,2,63,49.2,4,6,216,0,8,75.1,83.3,77.4,70.6,,,75.0,60.1,38,0,0,0,0,65,19,3,0,16,1,171,67,3.53,9.0,,8
Jayden Maiava,158135,QB,USC,7,19,6,0,0.0,0,0,65,0,0,3,21,23.2,3,10,326,3,3,53.9,81.6,83.8,76.0,,55.9,80.9,60.0,13,2,-3,1,1,131,19,3,1,17,4,84,53,2.79,4.4,-3.0,7
Micah Alejado,184162,QB,HAWAII,4,19,2,1,24.4,19,0,39,0,0,2,17,34.0,1,2,180,0,0,73.8,79.3,41.1,86.4,,,52.5,60.0,19,1,0,0,0,29,39,9,0,10,0,78,26,1.37,4.1,,7
Graham Mertz,97994,QB,FLORIDA,5,18,1,0,0.0,0,0,3,0,0,0,1,0.0,3,9,163,3,2,40.4,73.7,81.5,75.4,,,55.5,60.0,16,0,0,0,0,82,68,9,0,9,1,71,29,1.61,3.9,,0
Ruel Tomlinson,188241,QB,KENT STATE,4,18,1,0,0.0,0,0,28,0,0,0,13,0.0,2,3,201,1,4,44.4,37.6,78.3,39.3,,54.3,48.9,60.0,13,0,0,0,1,46,26,11,0,7,0,54,41,2.28,3.0,0.0,2
Julian Dugger,183269,QB,PITTSBURGH,1,18,5,1,14.8,17,0,85,0,0,3,39,52.0,3,9,268,2,9,33.4,80.2,76.8,50.4,,59.3,87.0,60.5,20,0,0,0,1,35,30,3,0,15,1,115,78,4.33,6.4,0.0,5
AJ Hairston,184157,QB,UMASS,4,18,2,0,0.0,0,0,5,0,0,0,8,0.0,1,5,216,3,0,36.8,52.9,80.8,50.6,,,60.1,60.0,10,0,0,0,0,76,38,9,0,9,1,43,35,1.94,2.4,,6
Nate Yarnell,144037,QB,PITTSBURGH,9,18,4,0,0.0,0,0,2,0,0,1,6,50.0,3,6,268,6,1,63.5,72.6,47.0,72.9,,,60.6,60.0,11,3,-6,1,0,76,85,15,1,4,0,87,58,3.22,4.8,,1
Will Rogers,124184,QB,WASHINGTON,11,18,4,0,0.0,0,0,-17,0,0,0,0,0.0,2,2,340,8,0,30.1,64.0,76.0,67.2,,60.0,31.0,60.1,20,4,0,0,1,210,72,10,0,8,0,55,60,3.33,3.1,0.0,3
Dequan Finn,97804,QB,BAYLOR,3,17,2,2,60.3,73,0,114,0,0,1,14,6.2,4,5,118,3,9,29.5,54.4,79.7,43.7,,54.3,72.0,60.0,39,0,0,0,1,78,7,2,0,15,2,121,29,1.71,7.1,0.0,4
DeShawn Purdie,184271,QB,CHARLOTTE,9,17,7,0,0.0,0,0,-11,0,0,1,1,4.0,5,6,136,8,0,20.8,50.7,71.3,49.5,,,59.8,60.0,19,3,0,0,0,179,92,12,0,5,1,81,70,4.12,4.8,,2
Goose Crowder,144781,QB,TROY,4,16,3,0,0.0,0,0,1,0,0,1,11,44.0,4,5,318,0,3,30.1,84.5,80.3,85.7,,,63.4,60.0,12,1,0,0,0,72,66,11,0,5,1,67,37,2.31,4.2,,1
Hunter Herring,147138,QB,LA MONROE,8,16,4,3,74.1,86,0,116,0,0,4,115,179.7,3,11,209,0,13,75.3,91.1,73.6,74.1,,,82.8,60.0,44,0,0,0,0,21,0,0,0,16,2,116,115,7.19,7.3,,1
Ryan Burger,157544,QB,LIBERTY,5,16,4,0,0.0,0,0,16,0,0,2,12,16.7,1,2,206,2,4,23.1,44.0,25.0,51.9,,,48.2,60.0,57,1,0,0,0,44,67,4,0,12,1,83,61,3.81,5.2,,3
Jack Turner,162969,QB,LA TECH,7,16,1,0,0.0,0,0,-2,0,0,1,14,7.1,1,3,208,4,4,74.0,59.5,80.0,56.7,,,64.5,60.0,10,0,0,0,0,57,10,2,0,14,0,8,17,1.06,0.5,,3
Blake Baker,170448,QB,LA TECH,2,16,1,0,0.0,0,0,12,0,0,1,10,6.9,1,2,208,0,1,73.5,65.5,78.1,65.7,,,60.3,60.0,21,0,0,0,0,49,25,4,0,12,1,37,19,1.19,2.3,,4
JC Evans,184302,QB,JAMES MAD,3,15,0,1,33.8,27,0,80,0,0,0,25,0.0,1,4,197,0,13,75.1,77.4,73.2,74.4,,59.5,68.7,60.0,27,0,0,0,1,21,0,0,0,15,1,80,25,1.67,5.3,0.0,2
Grant Wilson,143041,QB,DOMINION,3,15,4,0,0.0,0,0,20,0,0,1,6,12.2,2,6,263,4,1,23.5,43.3,81.2,41.1,,,57.8,60.3,36,0,0,0,0,70,86,8,0,7,1,106,64,4.27,7.1,,5
JD Sherrod,172365,QB,KENT STATE,2,15,1,1,46.9,30,0,64,0,0,1,48,24.5,1,2,201,1,6,74.6,57.1,74.5,32.6,,,68.3,60.0,30,0,0,0,0,27,0,1,0,14,0,64,49,3.27,4.3,,7
Timmy McClain,144488,QB,ARK STATE,4,15,5,1,29.0,18,0,51,0,0,2,11,18.2,2,3,113,1,3,39.5,61.2,76.6,67.6,,,54.0,60.0,18,0,0,0,0,34,11,4,0,11,1,62,27,1.8,4.1,,5
Dexter Williams II,129457,QB,GA SOUTHRN,5,15,4,1,42.9,18,0,20,0,0,3,31,64.6,2,4,174,2,5,25.6,66.2,77.0,73.2,,54.3,53.4,60.0,20,1,0,0,1,31,22,3,0,12,1,42,71,4.73,2.8,0.0,1
Josh Johnson,186429,QB,AIR FORCE,6,15,4,2,59.4,57,0,62,0,0,3,53,131.4,3,4,101,2,7,32.4,48.8,75.6,47.9,,,55.9,60.0,42,0,0,0,0,30,34,4,0,11,0,96,59,3.93,6.4,,0
Keldric Luster,175287,QB,SMU,5,15,3,0,0.0,0,0,17,0,0,0,21,0.0,3,4,287,1,1,74.0,65.0,74.6,48.1,,,66.0,60.0,17,0,0,0,0,31,33,2,0,13,0,50,49,3.27,3.3,,8
Hauss Hejny,183824,QB,TCU,4,15,3,1,32.3,21,0,57,0,0,2,22,22.4,1,3,305,0,11,74.7,69.2,72.0,,,,65.6,60.0,21,0,0,0,0,17,8,1,0,14,0,65,32,2.13,4.3,,3
Will Hammond,184898,QB,TEXAS TECH,4,15,1,0,0.0,0,0,31,0,0,1,17,21.0,2,7,315,2,4,29.1,61.5,49.4,61.4,,60.0,58.6,60.0,12,1,0,0,1,79,33,6,0,9,2,64,21,1.4,4.3,0.0,4
Braedyn Locke,157141,QB,WISCONSIN,11,15,1,0,0.0,0,1,25,0,0,1,17,17.0,2,7,349,6,0,53.0,61.1,78.1,58.6,,,67.0,60.1,11,2,0,0,0,310,30,5,0,10,2,55,26,1.73,3.7,,4
Grayson McCall,98002,QB,NC STATE,4,15,5,0,0.0,0,0,19,0,0,1,6,24.0,3,3,248,3,2,35.7,70.1,48.8,77.9,,,43.8,60.1,12,1,0,0,0,57,51,10,0,5,0,70,55,3.67,4.7,,2
CJ Harris,130594,QB,CAL,2,14,2,0,0.0,0,0,48,0,0,1,12,12.0,3,5,130,0,5,72.9,58.3,77.2,53.8,,,64.0,60.0,13,0,0,0,0,31,26,4,0,10,0,74,29,2.07,5.3,,1
Gerry Bohanon,77636,QB,BYU,4,14,2,0,0.0,0,0,18,0,0,2,29,29.6,1,2,128,0,6,74.5,64.8,74.0,41.1,,,70.8,60.0,11,0,0,0,0,26,0,0,0,14,0,18,29,2.07,1.3,,0
Drew Mestemaker,190616,QB,N TEXAS,5,14,4,1,66.7,70,0,71,0,0,3,69,171.1,2,4,251,2,3,48.7,75.7,78.8,65.5,,60.0,83.0,60.0,70,0,0,0,1,51,34,3,0,11,1,105,101,7.21,7.5,0.0,3
Conner Harrell,156352,QB,N CAROLINA,6,14,3,1,22.2,16,0,45,0,0,2,17,28.1,4,5,245,3,5,20.9,60.8,79.2,63.0,,,54.5,60.0,16,1,0,0,0,69,27,3,0,11,1,72,24,1.71,5.1,,1
Maealiuaki Smith,183921,QB,OKLA STATE,4,14,1,0,0.0,0,0,36,0,0,1,20,10.2,1,3,262,4,4,74.0,53.9,79.6,51.7,,,62.5,60.0,13,3,0,0,0,45,0,0,0,14,1,36,20,1.43,2.6,,5
Jadyn Glasser,184670,QB,C MICHIGAN,4,14,0,0,0.0,0,0,8,0,0,0,11,0.0,0,3,134,3,5,26.8,41.0,32.4,41.8,,,52.8,60.1,6,2,0,0,0,117,10,3,0,11,1,18,17,1.21,1.3,,1
Gunner Stockton,157072,QB,GEORGIA,5,14,1,0,0.0,0,0,40,0,0,1,22,22.0,0,3,173,3,3,53.4,56.4,80.0,57.2,,,55.3,60.0,9,0,0,0,0,65,11,4,0,10,0,51,28,2.0,3.6,,1
Davis Warren,73940,QB,MICHIGAN,9,13,1,0,0.0,0,0,-8,0,0,0,0,0.0,2,2,222,2,0,52.6,72.1,85.9,70.9,,51.6,59.4,60.0,13,1,0,0,2,232,44,8,0,5,0,36,27,2.08,2.8,0.0,0
Joe Labas,144847,QB,C MICHIGAN,6,13,1,0,0.0,0,0,23,0,0,1,8,50.0,2,5,134,1,2,47.5,64.3,67.2,65.7,,59.2,52.8,60.4,13,1,0,0,1,133,51,9,0,4,0,74,32,2.46,5.7,0.0,2
Noah Kim,129623,QB,COAST CAR,7,13,0,0,0.0,0,0,16,0,0,0,11,0.0,0,2,141,3,2,29.2,57.0,79.1,58.8,,,53.0,60.0,7,0,0,0,0,55,6,1,0,12,0,22,12,0.92,1.7,,4
Javance Tupou'ata-Johnson,175766,QB,S DIEGO ST,4,13,2,0,0.0,0,0,28,0,0,0,13,0.0,2,2,284,0,4,72.0,55.6,78.7,53.6,,,60.1,60.0,13,0,0,0,0,47,37,7,0,6,0,65,34,2.62,5.0,,2
Kasen Weisman,171910,QB,FAU,7,13,0,2,33.7,34,0,46,0,0,0,6,0.0,3,6,165,1,3,52.0,57.7,49.5,59.2,,,55.8,60.0,17,1,0,0,0,64,55,8,0,5,1,101,25,1.92,7.8,,0
Tyler Douglas,173265,QB,TEMPLE,3,13,2,0,0.0,0,0,30,0,0,2,31,36.7,0,1,306,1,5,26.5,48.4,76.6,,70.0,55.2,50.1,60.0,9,0,0,0,11,20,0,0,1,13,0,30,31,2.38,2.3,0.0,5
Tate Rodemaker,122414,QB,SO MISS,9,13,1,0,0.0,0,0,1,0,0,1,8,11.1,1,4,296,4,4,63.4,56.2,67.9,54.6,62.2,74.9,57.2,60.2,11,1,42,1,2,144,19,5,1,9,0,20,13,1.0,1.5,21.0,2
Henry Belin IV,162693,QB,DUKE,4,13,1,0,0.0,0,0,25,0,0,1,29,24.0,1,2,154,0,5,73.6,56.4,77.6,53.3,,50.9,64.8,60.0,11,0,0,0,2,33,11,2,0,11,0,36,41,3.15,2.8,0.0,4
Preston Stone,124716,QB,SMU,7,12,4,0,0.0,0,0,4,0,0,2,8,25.0,2,3,287,1,3,48.6,81.9,40.2,82.3,,,65.0,60.0,12,1,0,0,0,47,40,4,0,8,0,44,27,2.25,3.7,,1
Miller Moss,70727,QB,USC,9,12,1,0,0.0,0,0,35,0,0,1,19,15.7,0,4,326,3,4,56.9,78.5,76.8,76.5,,54.3,65.5,60.1,9,3,0,0,1,215,1,1,0,11,2,36,25,2.08,3.0,0.0,4
Amari Jones,156543,QB,FIU,5,12,3,0,0.0,0,0,-8,0,0,3,13,48.1,1,1,166,3,7,71.2,55.7,75.9,57.7,,,55.7,60.0,18,1,0,0,0,33,33,3,0,9,0,25,21,1.75,2.1,,0
Cardell Williams,156190,QB,TULSA,6,12,3,2,68.5,50,0,66,0,0,3,32,96.0,2,5,320,0,3,72.5,70.1,75.3,52.7,,,74.9,60.0,28,0,0,0,0,28,7,2,0,10,2,73,32,2.67,6.1,,7
Aaron Philo,183222,QB,GA TECH,4,12,2,0,0.0,0,0,22,0,0,0,19,0.0,3,6,176,0,4,73.0,91.3,79.2,90.9,,,69.4,60.0,18,1,0,0,0,38,54,5,0,7,1,76,31,2.58,6.3,,1
Israel Carter,175310,QB,USF,4,11,5,0,0.0,0,0,37,0,0,4,27,220.4,2,2,327,1,2,28.8,60.0,76.5,70.3,,,50.0,60.0,14,1,0,0,0,42,20,4,0,7,0,57,37,3.36,5.2,,4
Malachi Singleton,172426,QB,ARKANSAS,5,11,6,0,0.0,0,0,49,0,0,3,50,185.2,4,5,111,3,6,25.5,80.9,77.2,69.0,,,79.9,60.0,62,0,0,0,0,36,67,2,0,9,3,116,97,8.82,10.5,,2
Ben Gulbranson,131734,QB,OREGON ST,5,11,1,0,0.0,0,0,9,1,0,0,13,0.0,0,8,265,1,0,74.7,80.7,82.7,75.3,,60.0,82.5,60.0,4,1,0,0,1,110,6,2,1,9,1,15,29,2.64,1.4,0.0,1
Christopher Vizzina,170032,QB,CLEMSON,7,11,2,2,65.4,53,0,70,0,0,2,56,138.3,3,5,140,2,6,41.9,59.6,77.7,55.1,,,64.1,60.0,35,0,0,0,0,42,11,2,0,9,1,81,63,5.73,7.4,,0
Chayden Peery,143925,QB,FIU,2,11,2,0,0.0,0,0,25,0,0,1,14,14.0,0,3,166,0,2,72.5,71.1,74.7,60.8,,,70.7,60.0,7,0,0,0,0,21,6,1,0,10,0,31,14,1.27,2.8,,0
Tyler Van Dyke,122225,QB,WISCONSIN,3,11,1,0,0.0,0,0,37,0,0,0,8,0.0,0,2,349,1,2,47.9,72.9,50.8,77.5,,,52.6,60.0,9,1,0,0,0,78,7,2,0,9,1,44,17,1.55,4.0,,3
Chubba Purdy,122412,QB,NEVADA,7,11,2,2,50.7,37,0,59,0,1,0,26,21.7,3,4,239,0,8,72.9,69.7,78.0,70.0,,61.8,63.3,60.1,19,0,10,2,8,27,14,1,2,12,0,73,49,4.45,6.6,1.25,1
Nate Johnson,158489,QB,VANDERBILT,10,11,3,1,49.1,56,0,114,0,1,3,58,175.8,4,3,333,0,9,72.8,62.5,74.3,35.1,,60.7,71.8,60.1,56,0,1,1,2,20,0,0,1,12,1,114,58,5.27,10.4,0.5,0
Brandon Rose,158503,QB,UTAH,3,11,1,1,41.5,27,0,48,0,0,1,19,23.5,1,3,328,0,4,72.5,65.3,77.9,54.4,62.2,,77.3,60.3,27,0,0,0,0,41,17,2,0,9,0,65,20,1.82,5.9,,1
Drew Pyne,122910,QB,MISSOURI,6,11,2,0,0.0,0,0,6,0,0,1,13,26.5,2,3,229,1,2,73.2,60.3,81.9,57.9,,,61.1,60.0,10,0,0,0,0,122,26,4,0,7,0,32,27,2.45,2.9,,3
Zevi Eckhaus,148535,QB,WASH STATE,3,11,3,0,0.0,0,0,19,0,0,2,15,30.0,1,5,341,0,3,73.2,76.5,78.2,69.9,,,75.7,60.0,13,0,0,0,0,41,13,1,0,10,1,32,27,2.45,2.9,,1
Tim Carpenter,190715,QB,TULSA,4,11,4,0,0.0,0,0,58,0,0,1,30,37.0,3,3,320,0,4,72.1,80.6,74.3,61.5,,,78.4,60.0,27,0,0,0,0,22,28,2,0,9,0,86,44,4.0,7.8,,5
Grady Brosterhous,156379,QB,VIRGINIA,7,10,0,0,0.0,0,0,14,0,0,0,6,0.0,0,7,335,1,2,24.3,76.4,70.7,,,,70.1,60.0,5,0,0,0,0,12,0,0,0,10,4,14,6,0.6,1.4,,1
Cameron Friel,146195,QB,UNLV,5,10,2,0,0.0,0,0,25,0,0,2,11,22.0,1,6,325,1,2,25.8,63.5,76.0,61.2,,,61.4,60.3,14,0,0,0,0,42,0,0,0,10,2,25,11,1.1,2.5,,2
Eddie Lee Marburger,145511,QB,UTSA,7,10,0,0,0.0,0,0,0,0,0,0,2,0.0,0,2,331,2,1,27.2,60.3,77.8,66.6,,,45.7,60.0,9,0,0,0,0,37,38,5,0,5,0,38,7,0.7,3.8,,0
John Alan Richter,156999,QB,TOLEDO,5,10,2,0,0.0,0,0,-16,0,0,0,0,0.0,0,0,316,1,0,50.7,70.9,45.9,77.0,,,44.4,60.0,7,2,0,0,0,48,32,8,0,2,0,16,21,2.1,1.6,,0
RJ Martinez,147690,QB,TEXAS ST,4,10,0,0,0.0,0,0,-3,0,0,0,4,0.0,1,2,314,0,0,71.2,50.3,76.7,53.0,,57.0,52.3,60.0,15,1,0,0,0,33,25,4,0,6,0,22,7,0.7,2.2,,0
T.J. Finley,124093,QB,W KENTUCKY,3,9,1,0,0.0,0,0,19,0,0,0,11,0.0,0,2,346,0,2,72.5,66.9,79.3,67.7,,,56.9,60.0,8,0,-7,1,0,36,21,5,1,5,0,40,29,3.22,4.4,,0
Tad Hudson,170107,QB,COAST CAR,1,9,4,0,0.0,0,0,16,0,0,3,20,166.7,2,2,141,1,0,71.4,61.8,24.7,61.5,,58.2,63.0,60.4,14,1,0,0,2,31,18,3,0,6,0,34,35,3.89,3.8,0.0,4
Cade McConnell,73935,QB,UTEP,4,9,1,0,0.0,0,0,3,0,0,0,9,0.0,1,1,330,3,3,31.2,53.3,46.5,59.8,,60.0,40.8,60.0,10,1,0,0,1,48,15,4,0,5,0,18,17,1.89,2.0,0.0,0
Jack Tuttle,83580,QB,MICHIGAN,2,9,3,0,0.0,0,0,13,0,0,0,2,0.0,1,2,222,3,2,20.7,29.1,79.1,33.9,,,32.4,60.0,13,0,0,0,0,54,33,6,0,3,0,46,40,4.44,5.1,,1
Trexler Ivey,122184,QB,CHARLOTTE,8,9,1,0,0.0,0,0,-18,0,0,0,0,0.0,1,1,136,0,0,72.7,55.5,79.8,52.8,,,63.4,60.0,10,0,0,0,0,69,13,2,0,7,0,-5,3,0.33,-0.6,,0
Chris Parson,172551,QB,MISS STATE,4,9,4,0,0.0,0,0,29,0,0,4,27,133.3,1,2,227,1,5,72.4,69.0,72.2,38.0,,,74.3,60.0,10,1,0,0,0,16,0,0,0,9,0,29,27,3.0,3.2,,3
Cameran Brown,184894,QB,TEXAS TECH,3,8,1,2,50.6,42,0,83,0,0,1,11,17.2,4,4,315,0,6,71.6,42.7,73.1,27.6,,60.0,69.0,60.0,22,0,0,0,1,11,0,0,0,8,0,83,11,1.38,10.4,0.0,2
Drew Devillier,190639,QB,RICE,3,8,3,0,0.0,0,0,17,0,0,0,4,0.0,1,0,275,1,0,41.1,53.8,35.9,51.5,,,63.5,60.0,10,2,0,0,0,52,16,3,0,5,0,33,42,5.25,4.1,,3
Garret Rangel,157795,QB,OKLA STATE,4,8,1,2,72.2,70,0,88,0,0,1,9,25.0,2,2,262,0,0,71.4,44.8,23.7,39.8,,,66.0,60.0,54,1,0,0,0,28,9,2,0,6,0,97,10,1.25,12.1,,4
EJ Colson,190335,QB,UCF,3,8,7,0,0.0,0,0,21,0,0,3,14,466.7,0,2,323,1,1,28.8,38.0,74.9,30.0,,,62.0,60.0,9,0,0,0,0,12,25,5,0,3,0,46,59,7.38,5.8,,2
Kyle Lowe,156595,QB,GA STATE,5,8,1,1,84.8,56,0,66,0,0,1,8,12.5,1,3,175,0,3,26.3,60.1,72.5,59.5,,,60.0,60.0,56,0,0,0,0,11,0,0,0,8,1,66,8,1.0,8.3,,4
Ken Seals,124359,QB,TCU,6,8,2,0,0.0,0,0,-1,0,0,1,11,22.4,0,0,305,1,2,26.8,51.4,75.4,67.6,,,42.3,60.0,7,0,0,0,0,31,7,1,0,7,0,6,25,3.13,0.8,,2
Ty Simpson,157008,QB,ALABAMA,6,8,1,2,62.7,32,0,38,0,0,1,10,20.4,3,4,103,0,1,71.5,74.9,77.0,67.3,,,74.2,60.0,17,0,0,0,0,42,13,1,0,7,1,51,12,1.5,6.4,,5
EJ Caminong,188167,QB,CAL,1,8,2,0,0.0,0,0,-5,0,0,0,2,0.0,1,2,130,2,0,27.6,33.9,74.3,28.9,,,61.6,60.0,12,0,0,0,0,8,36,5,0,3,0,31,38,4.75,3.9,,1
Connor Moberly,184835,QB,IOWA STATE,4,7,1,2,59.3,35,0,53,0,0,1,23,92.0,2,2,193,0,5,70.0,61.7,75.1,54.5,,54.3,67.1,60.0,18,0,0,0,1,26,6,2,0,5,0,59,25,3.57,8.4,0.0,0
Devin Brown,156479,QB,OHIO STATE,9,7,1,0,0.0,0,0,9,0,0,0,1,0.0,1,1,260,0,0,70.0,66.9,76.7,65.9,,,61.2,60.0,10,0,0,0,0,41,13,3,0,4,0,22,7,1.0,3.1,,2
PJ Hatter,172329,QB,TEXAS ST,1,7,0,0,0.0,0,0,45,0,0,0,22,0.0,2,3,314,0,1,71.3,74.5,70.4,,,,68.7,60.0,11,0,0,0,0,11,0,0,0,7,0,45,22,3.14,6.4,,3
Luke Bottari,73931,QB,UTAH,3,7,0,2,86.2,56,0,65,0,0,0,9,0.0,2,2,328,2,0,38.5,57.1,29.0,61.2,,,52.4,60.2,40,2,0,0,0,44,0,0,0,7,0,65,9,1.29,9.3,,3
Cole Ballard,173062,QB,KANSAS,3,7,4,0,0.0,0,0,29,0,0,4,17,188.9,2,3,198,0,3,70.4,66.7,73.7,62.9,,,64.1,60.0,14,0,0,0,0,21,6,1,0,6,0,35,17,2.43,5.0,,0
Cale Hellums,170981,QB,ARMY,3,7,0,0,0.0,0,0,28,0,0,0,14,0.0,1,2,114,0,3,71.3,68.4,70.1,,,,64.9,60.0,10,0,0,0,0,10,0,0,0,7,0,28,14,2.0,4.0,,4
Steve Angeli,156966,QB,NOTRE DAME,11,7,3,1,90.6,29,0,23,0,0,1,27,108.0,1,2,258,1,2,71.3,82.3,78.5,75.6,,,78.3,60.0,29,0,0,0,0,58,9,2,0,5,0,32,35,5.0,4.6,,0
Tucker McDonald,171056,QB,UCONN,3,7,0,0,0.0,0,0,1,0,0,0,3,0.0,0,1,146,0,0,71.1,63.2,73.6,62.2,,,60.4,60.0,9,0,0,0,0,24,0,0,0,7,0,1,3,0.43,0.1,,1
Dante Moore,173983,QB,OREGON,5,7,0,0,0.0,0,0,-10,0,0,0,0,0.0,0,0,264,0,0,70.5,58.4,74.0,57.7,,,59.3,60.1,6,0,0,0,0,18,6,1,0,6,0,-4,0,0.0,-0.6,,0
Daniel Beale,197861,QB,LA LAFAYET,3,7,1,0,0.0,0,0,0,0,0,0,3,0.0,0,0,207,0,0,69.8,44.7,76.3,50.4,,,44.4,60.0,9,1,0,0,0,20,14,5,0,2,0,14,10,1.43,2.0,,0
Trenton Bourguet,97285,QB,ARIZONA ST,2,6,0,0,0.0,0,0,-6,0,0,0,0,0.0,0,0,110,0,0,70.4,65.2,71.0,62.9,,,62.0,60.0,-1,0,0,0,0,10,0,0,0,6,0,-6,0,0.0,-1.0,,0
Devin Kargman,156913,QB,KENT STATE,4,6,0,0,0.0,0,0,0,0,0,0,0,0.0,1,2,201,2,1,33.8,47.7,51.9,46.0,,59.9,65.2,60.2,12,2,0,0,1,67,14,2,0,4,0,14,2,0.33,2.3,0.0,0
Jackson Stratton,157206,QB,IOWA,3,6,1,0,0.0,0,0,-1,0,0,0,7,0.0,1,1,192,2,0,35.7,60.6,79.6,62.9,,60.0,49.9,60.0,14,1,0,0,1,88,16,2,0,4,0,15,29,4.83,2.5,0.0,1
John White,184784,QB,SO MISS,4,6,0,0,0.0,0,0,-20,0,0,0,2,0.0,0,1,296,4,2,22.3,38.9,77.5,51.3,,,27.3,60.0,7,0,0,0,0,38,10,3,0,3,1,-10,4,0.67,-1.7,,1
Cutter Boley,184630,QB,KENTUCKY,4,6,0,1,90.9,30,0,28,0,0,0,2,0.0,1,1,202,3,2,21.9,46.4,78.9,51.7,,,35.2,60.0,30,1,0,0,0,47,5,1,0,5,0,33,14,2.33,5.5,,0
Cade McNamara,101620,QB,IOWA,8,6,0,0,0.0,0,0,2,0,0,0,1,0.0,1,2,192,3,0,50.0,67.1,85.1,66.9,,,50.0,60.0,12,0,0,0,0,216,20,4,0,2,0,22,5,0.83,3.7,,0
Henry Hesson,145798,QB,MIAMI OH,5,6,0,0,0.0,0,0,-2,0,0,0,0,0.0,0,0,221,0,0,68.4,36.7,77.1,38.2,,,47.2,60.0,9,0,0,0,0,47,24,5,0,1,0,22,13,2.17,3.7,,0
Elijah Brown,183276,QB,STANFORD,3,6,1,0,0.0,0,1,-8,0,0,0,0,0.0,0,0,300,1,1,45.1,33.4,32.3,39.5,,,39.6,60.0,7,2,0,0,0,23,18,5,0,1,0,10,18,3.0,1.7,,0
Harrison Bailey,124266,QB,LOUISVILLE,5,6,1,0,0.0,0,0,-5,0,0,0,0,0.0,1,1,210,0,0,70.5,76.3,31.9,77.9,,,61.7,60.0,13,1,0,0,0,53,17,2,0,4,0,12,14,2.33,2.0,,0
Braden Bohannon,160367,QB,KENNESAW,2,5,0,0,0.0,0,0,-11,0,0,0,3,0.0,0,0,200,2,3,23.1,32.0,72.8,46.4,,,36.7,60.0,4,1,0,0,0,9,4,1,0,4,0,-7,5,1.0,-1.4,,0
Cameron Rising,77663,QB,UTAH,3,5,0,0,0.0,0,0,0,0,0,0,,100.0,2,2,328,0,0,71.1,49.9,80.0,46.9,,,64.9,60.2,25,1,0,0,0,59,50,5,0,0,0,50,7,1.4,10.0,,0
John-Keawe Sagapolutele,175709,QB,HAWAII,5,5,0,0,0.0,0,0,-5,0,0,0,0,0.0,0,1,180,0,0,69.8,53.9,73.1,45.6,,,66.1,60.0,1,0,0,0,0,14,0,0,0,5,0,-5,0,0.0,-1.0,,0
D'Wanye Winfield,176367,QB,LA LAFAYET,1,5,1,0,0.0,0,0,19,0,0,1,8,32.0,0,2,207,0,1,69.6,83.3,69.1,58.9,,,76.0,,5,0,0,0,0,5,0,0,0,5,0,19,8,1.6,3.8,,4
Brady Lichtenberg,144226,QB,CINCINNATI,3,5,1,0,0.0,0,0,-4,0,0,0,2,0.0,0,0,138,1,2,22.5,41.8,73.9,44.3,,,51.4,60.0,5,0,0,0,0,20,2,1,0,4,0,-2,3,0.6,-0.4,,0
Trace Campbell,163649,QB,UAB,5,5,1,0,0.0,0,0,28,0,0,1,13,37.1,1,4,321,0,3,70.1,68.1,71.9,50.4,60.9,61.2,70.2,60.0,10,0,-5,2,2,6,0,0,2,7,0,28,13,2.6,5.6,-2.5,2
AJ Bianco,158232,QB,NEVADA,5,5,0,0,0.0,0,0,6,0,0,0,7,0.0,0,1,239,0,1,70.2,74.7,75.8,74.3,,54.6,65.0,60.0,9,0,0,0,2,19,5,2,0,3,0,11,7,1.4,2.2,0.0,0
Harrison Barker,121479,QB,UAB,4,5,0,0,0.0,0,0,33,0,0,0,13,0.0,2,2,321,1,2,21.1,55.7,73.2,64.0,,59.9,52.9,60.1,13,0,0,0,1,13,0,0,0,5,0,33,13,2.6,6.6,0.0,3
Jalen Macon,153929,QB,N ILLINOIS,1,5,0,0,0.0,0,0,16,0,0,0,5,0.0,0,1,254,0,2,68.3,79.1,72.5,75.2,,,68.3,60.0,9,0,0,0,0,8,11,2,0,3,1,27,13,2.6,5.4,,0
Walker White,184413,QB,AUBURN,1,5,0,0,0.0,0,0,10,0,0,0,7,0.0,0,1,115,1,3,19.9,31.4,72.2,36.2,,,47.6,60.0,8,0,0,0,0,13,6,1,0,4,0,16,8,1.6,3.2,,0
Raheim Jeter,169901,QB,E CAROLINA,2,5,1,0,,0,0,0,0,0,1,11,44.0,0,1,156,0,1,69.7,71.6,70.1,,,,66.0,60.0,7,0,0,0,0,10,0,0,0,5,0,0,11,2.2,0.0,,0
Jake Merklinger,184888,QB,TENNESSEE,2,5,0,1,80.0,24,0,27,0,0,0,7,0.0,1,1,307,0,0,69.3,64.9,74.5,64.8,,,60.2,60.0,24,0,0,0,0,24,3,1,0,4,0,30,7,1.4,6.0,,4
General Booty,71008,QB,LA MONROE,6,5,0,1,67.4,31,0,46,0,0,0,11,0.0,1,1,209,0,3,71.9,46.9,53.5,42.9,,,64.0,60.0,31,1,-7,1,0,106,0,0,1,6,0,46,11,2.2,9.2,,1
Cole Pennington,156787,QB,MARSHALL,3,5,0,0,0.0,0,0,1,0,0,0,2,0.0,0,0,214,0,0,69.1,52.9,73.5,48.5,,,61.4,60.0,6,0,0,0,0,16,4,1,0,4,0,5,3,0.6,1.0,,1
Justyn Martin,162461,QB,UCLA,3,5,1,0,0.0,0,0,10,0,0,0,4,0.0,0,2,324,1,0,35.1,67.7,77.1,67.5,,,60.0,60.0,8,0,0,0,0,30,11,3,0,2,0,21,18,3.6,4.2,,2
Khalib Johnson,156331,QB,KENNESAW,4,4,0,0,0.0,0,0,8,0,0,0,5,0.0,0,0,200,3,3,18.0,25.5,22.9,26.2,,,44.1,60.0,8,2,0,0,0,40,8,1,0,3,0,16,5,1.25,4.0,,0
Jack Shields,156830,QB,BUFFALO,3,4,0,0,0.0,0,0,8,0,0,0,6,0.0,0,0,126,0,3,68.6,56.8,69.8,,,,57.7,60.0,7,0,0,0,0,9,0,0,0,4,0,8,6,1.5,2.0,,0
Rickie Collins,172474,QB,LSU,3,4,4,0,0.0,0,0,3,0,0,0,5,0.0,1,1,211,0,0,66.2,65.8,72.4,73.0,,,56.7,60.0,11,0,0,0,0,11,15,3,0,1,0,18,22,5.5,4.5,,1
Jacobe Robinson,174006,QB,BOSTON COL,2,4,1,0,0.0,0,0,12,0,0,1,5,55.6,0,1,121,2,2,67.8,65.5,74.2,74.1,,,55.0,60.0,9,0,0,0,0,28,1,1,0,3,1,13,11,2.75,3.3,,1
Max Johnson,124099,QB,N CAROLINA,1,4,2,0,0.0,0,0,0,0,0,0,0,0.0,1,2,245,0,1,27.6,47.0,75.7,42.8,,,62.3,60.0,16,0,0,0,0,23,20,3,0,1,1,20,7,1.75,5.0,,0
Gaston Moore,123756,QB,TENNESSEE,6,4,1,1,107.1,15,0,12,0,0,1,11,122.2,1,1,307,1,1,28.2,70.0,78.2,74.1,,,46.8,60.0,15,0,0,0,0,62,2,1,0,3,0,14,12,3.0,3.5,,1
Austin Simmons,175891,QB,OLE MISS,9,4,0,0,0.0,0,0,12,0,0,0,5,0.0,0,0,226,0,3,70.1,82.5,77.5,81.2,,,65.2,60.2,9,0,0,0,0,44,9,1,0,3,0,21,5,1.25,5.3,,0
Aidan Warner,177520,QB,FLORIDA,6,4,0,0,0.0,0,0,6,0,0,0,12,0.0,0,1,163,0,1,71.1,43.4,18.7,44.7,,,54.8,60.2,9,2,0,0,0,81,3,1,0,3,1,9,12,3.0,2.3,,2
Dylan Morris,100570,QB,JAMES MAD,4,4,0,0,0.0,0,0,-8,0,0,0,0,0.0,0,0,197,1,1,67.5,58.2,72.5,56.1,,,60.0,60.1,-1,0,0,0,0,18,0,0,0,4,0,-8,0,0.0,-2.0,,0
Davis Beville,99588,QB,S CAROLINA,3,4,0,0,0.0,0,0,15,0,0,0,3,0.0,1,2,289,0,0,69.1,69.3,73.6,60.8,,,69.3,60.0,10,0,0,0,0,20,0,0,0,4,0,15,3,0.75,3.8,,1
Shay Smith,188323,QB,UTEP,3,4,0,0,0.0,0,0,1,0,0,0,2,0.0,0,1,330,1,3,17.9,37.6,69.1,60.2,,,43.5,,3,0,0,0,0,4,0,0,0,4,1,1,2,0.5,0.3,,1
Michael Kern,97799,QB,WAKE,6,4,1,0,0.0,0,0,5,0,0,0,7,0.0,0,1,339,1,1,40.9,65.3,78.2,65.4,,,56.7,60.0,8,0,0,0,0,42,10,2,0,2,0,15,13,3.25,3.8,,0
Jackson Gutierrez,189488,QB,NAVY,1,4,0,0,0.0,0,0,18,0,0,0,12,0.0,0,1,237,1,3,68.6,76.3,70.1,60.0,,,71.3,60.0,7,0,0,0,0,9,0,0,0,4,0,18,12,3.0,4.5,,1
Reese Poffenbarger,145346,QB,MIAMI FL,4,3,0,0,0.0,0,0,20,0,0,0,7,0.0,1,3,220,1,0,20.3,61.2,74.2,43.6,,,74.9,60.0,11,0,0,0,0,23,9,1,0,2,0,29,23,7.67,9.7,,2
Jake Jensen,147512,QB,USC,2,3,0,0,0.0,0,0,-5,0,0,0,1,0.0,0,0,326,0,0,67.3,60.0,66.6,,,,59.9,,-1,0,0,0,0,3,0,0,0,3,0,-5,1,0.33,-1.7,,1
Trent Pearman,156233,QB,CLEMSON,3,3,1,0,0.0,0,0,16,0,0,1,11,122.2,0,0,140,0,1,67.9,67.2,71.8,57.7,,,67.9,60.0,9,1,0,0,0,11,0,0,0,3,0,16,11,3.67,5.3,,1
Pierce Clarkson,174699,QB,LOUISVILLE,2,3,1,0,0.0,0,0,14,0,0,1,7,77.8,0,1,210,0,2,67.9,67.8,70.7,59.0,,,67.0,60.0,9,0,0,0,0,7,0,0,0,3,0,14,7,2.33,4.7,,1
Blake Kendall,156711,QB,JAMES MAD,2,3,0,0,0.0,0,0,-6,0,0,0,0,0.0,0,0,197,0,0,67.3,62.1,67.4,,,,60.8,60.0,-2,0,0,0,0,4,0,0,0,3,0,-6,0,0.0,-2.0,,0
Hank Brown,172439,QB,AUBURN,4,3,1,0,0.0,0,0,7,0,0,0,6,0.0,0,1,115,0,1,70.2,59.6,30.3,59.9,,,60.3,60.3,9,1,0,0,0,48,3,1,0,2,0,10,16,5.33,3.3,,1
Alberto Mendoza,188673,QB,INDIANA,1,3,0,0,0.0,0,0,-7,0,0,0,2,0.0,0,0,190,0,0,66.2,52.7,71.2,61.0,,,53.6,60.0,2,0,0,0,0,12,2,1,0,2,0,-5,9,3.0,-1.7,,1
Billy Atkins,148354,QB,JAMES MAD,3,3,1,0,0.0,0,0,4,0,0,1,5,55.6,0,0,197,0,0,70.4,83.7,77.3,86.1,,54.3,62.4,60.3,3,0,0,0,1,46,0,0,0,3,0,4,5,1.67,1.3,0.0,2
Ajani Sheppard,170317,QB,RUTGERS,3,3,2,1,83.3,20,0,20,0,0,2,11,550.0,1,1,278,0,1,67.1,63.8,73.0,53.9,,,64.6,60.0,20,0,0,0,0,22,4,1,0,2,0,24,14,4.67,8.0,,1
Jeremiah Salem,157478,QB,E MICHIGAN,3,3,0,0,0.0,0,0,2,0,0,0,0,0.0,0,0,160,0,1,68.2,54.4,74.8,51.0,,,61.8,60.0,5,0,0,0,0,23,1,1,0,2,0,3,0,0.0,1.0,,0
Ryan Hilinski,71295,QB,NWESTERN,4,3,0,0,0.0,0,0,-2,0,0,0,0,0.0,0,0,256,1,0,25.0,44.6,74.2,52.9,,,46.5,60.0,0,1,0,0,0,14,0,0,0,3,0,-2,0,0.0,-0.7,,0
Jacob Knuth,157493,QB,KANSAS ST,2,3,0,0,0.0,0,0,0,0,0,0,,100.0,1,1,199,1,0,12.1,37.5,71.2,62.6,,,42.0,60.0,10,0,0,0,0,9,14,3,0,0,0,14,7,2.33,4.7,,0
Jacob Conover,70963,QB,UTAH ST,2,3,0,0,0.0,0,0,-3,0,0,0,0,0.0,0,0,329,1,0,17.5,32.6,70.1,47.1,,,44.6,60.0,4,0,0,0,0,4,4,1,0,2,0,1,3,1.0,0.3,,1
Tommy Schuster,108954,QB,MICH STATE,5,3,0,0,0.0,0,0,-1,0,0,0,0,0.0,0,2,223,1,0,31.1,62.2,76.7,57.7,,,69.5,60.0,5,0,0,0,0,27,5,1,0,2,1,4,0,0.0,1.3,,0
Kenny Minchey,171091,QB,NOTRE DAME,1,2,1,0,0.0,0,0,12,0,0,1,10,250.0,0,2,258,0,1,66.2,67.0,67.4,51.8,,,68.6,,7,0,0,0,0,2,0,0,0,2,1,12,10,5.0,6.0,,1
Jacob Winters,171368,QB,OHIO,2,2,0,0,0.0,0,0,-2,0,0,0,0,0.0,0,0,259,0,0,65.5,61.7,68.6,,,,60.1,60.0,0,0,0,0,0,6,0,0,0,2,0,-2,0,0.0,-1.0,,0
Ryan Staub,171906,QB,COLORADO,4,2,0,0,0.0,0,0,0,0,0,0,,100.0,0,0,143,1,0,64.2,33.1,72.4,33.9,,,52.6,60.0,9,0,0,0,0,13,12,2,0,0,0,12,0,0.0,6.0,,0
Dylan Lonergan,172386,QB,ALABAMA,2,2,0,0,0.0,0,0,-3,0,0,0,0,0.0,1,1,103,0,0,65.9,67.5,73.1,60.8,,,65.4,60.0,16,0,0,0,0,18,16,1,0,1,0,13,0,0.0,6.5,,0
Ben Locklear,144088,QB,VA TECH,1,2,0,0,0.0,0,0,-2,0,0,0,0,0.0,0,0,337,0,0,65.5,61.1,66.6,,,,60.1,60.0,-1,0,0,0,0,3,0,0,0,2,0,-2,0,0.0,-1.0,,0
Ui Ale,173036,QB,HOUSTON,2,2,1,0,0.0,0,0,4,0,0,1,8,200.0,0,0,182,0,1,68.0,73.6,72.7,77.1,,,55.5,60.0,3,0,0,0,0,8,0,0,0,2,0,4,8,4.0,2.0,,0
Destin Wade,163784,QB,COLORADO,1,2,0,0,0.0,0,0,-4,0,0,0,0,0.0,0,0,143,0,0,65.5,60.9,65.5,,,,60.1,,-2,0,0,0,0,2,0,0,0,2,0,-4,0,0.0,-2.0,,0
Turner Helton,163044,QB,W KENTUCKY,2,2,0,0,0.0,0,0,-2,0,0,0,0,0.0,0,0,346,0,0,65.5,62.4,70.1,,,,60.1,60.0,-1,0,0,0,0,10,0,0,0,2,0,-2,0,0.0,-1.0,,0
Stephen Kittleman,126906,QB,TULSA,2,2,0,0,0.0,0,0,11,0,0,0,5,0.0,0,1,320,0,0,66.4,75.5,68.1,75.7,,,62.2,,9,0,0,0,0,2,0,0,0,2,1,11,5,2.5,5.5,,2
Austin Novosad,174133,QB,OREGON,3,2,0,0,0.0,0,0,-4,0,0,0,0,0.0,0,0,264,0,0,66.2,72.8,71.6,72.1,,,60.1,60.0,-2,0,0,0,0,14,0,0,0,2,0,-4,0,0.0,-2.0,,0
Mikey Pauley,162835,QB,KANSAS,1,2,0,0,0.0,0,0,17,0,0,0,7,0.0,1,2,198,0,0,65.5,77.9,69.8,,,,69.6,60.0,10,0,0,0,0,9,0,0,0,2,0,17,7,3.5,8.5,,0
Travis Egan,174701,QB,LOUISVILLE,3,2,0,0,0.0,0,0,11,0,0,0,8,0.0,0,0,210,0,1,65.5,65.4,66.3,,,,62.6,60.0,9,0,0,0,0,3,0,0,0,2,0,11,8,4.0,5.5,,1
Teddy Purcell,162500,QB,WASHINGTON,2,2,0,0,0.0,0,0,-2,0,0,0,0,0.0,0,0,340,0,0,65.5,60.9,65.5,,,,60.1,,-1,0,0,0,0,2,0,0,0,2,0,-2,0,0.0,-1.0,,0
Jaxon Potter,176687,QB,WASH STATE,1,2,0,0,0.0,0,0,-4,0,0,0,0,0.0,0,0,341,0,0,66.6,80.9,71.0,81.3,,,60.1,60.0,-2,0,0,0,0,9,0,0,0,2,0,-4,0,0.0,-2.0,,0
Julian Sayin,183708,QB,OHIO STATE,4,2,0,0,0.0,0,0,0,0,0,0,,100.0,1,1,260,0,0,66.2,58.3,73.4,55.4,,,62.5,60.0,19,0,0,0,0,13,24,2,0,0,0,24,2,1.0,12.0,,0
Ta'Quan Roberson,101625,QB,KANSAS ST,6,2,0,0,0.0,0,0,6,0,0,0,2,0.0,0,0,199,0,0,67.1,54.4,73.6,53.7,,,58.2,60.0,7,0,0,0,0,21,0,0,0,2,0,6,2,1.0,3.0,,1
Holden Geriner,157045,QB,AUBURN,2,2,0,0,0.0,0,0,-2,0,0,0,0,0.0,0,0,115,0,0,64.8,69.0,71.0,74.2,,,57.6,60.0,6,0,0,0,0,10,6,1,0,1,0,4,1,0.5,2.0,,0
Michael Johnson Jr.,97796,QB,SYRACUSE,1,2,0,0,0.0,0,0,0,0,0,0,,100.0,0,0,304,0,0,64.6,62.7,70.7,71.6,,,52.9,60.0,4,0,0,0,0,5,8,2,0,0,0,8,2,1.0,4.0,,0
Lex Thomas,170381,QB,NC STATE,2,2,1,0,0.0,0,0,8,0,0,1,10,250.0,0,1,248,0,1,67.2,60.7,73.3,54.1,,,64.7,60.0,9,0,0,0,0,18,0,0,0,2,0,8,10,5.0,4.0,,0
Grayson Loftis,170054,QB,DUKE,2,2,0,0,0.0,0,0,4,0,0,0,4,0.0,0,1,154,0,1,65.5,70.4,65.5,,,,65.5,,5,0,0,0,0,2,0,0,0,2,0,4,4,2.0,2.0,,1
Brody Rhodes,143927,QB,GA TECH,1,2,0,0,0.0,0,0,17,0,0,0,6,0.0,0,1,176,0,2,65.5,76.3,66.6,,,,68.8,60.0,9,0,0,0,0,3,0,0,0,2,0,17,6,3.0,8.5,,0
Jayden Mandal,173516,QB,FRESNO ST,5,1,0,0,0.0,0,0,0,0,0,0,,100.0,0,0,169,0,0,67.0,39.8,74.3,35.9,,,60.0,60.0,3,0,0,0,0,20,3,1,0,0,0,3,2,2.0,3.0,,0
Jackson Brousseau,173480,QB,COLO STATE,1,1,0,0,0.0,0,0,0,0,0,0,,100.0,0,0,144,0,0,64.6,44.4,71.0,46.3,,,57.3,60.0,8,0,0,0,0,6,8,1,0,0,0,8,0,0.0,8.0,,0
Jalyn Gramstad,180656,QB,NEBRASKA,1,1,1,0,0.0,0,0,0,0,0,0,,100.0,0,0,238,0,0,63.3,47.3,69.5,52.0,,,56.2,60.0,2,0,0,0,0,4,2,1,0,0,0,2,2,2.0,2.0,,0
William Fierro,183249,QB,SMU,1,1,0,0,0.0,0,0,3,0,0,0,1,0.0,0,0,287,0,0,62.5,56.6,62.7,,,,57.9,,3,0,0,0,0,1,0,0,0,1,0,3,1,1.0,3.0,,1
Navy Shuler,122254,QB,TENNESSEE,2,1,1,0,0.0,0,0,6,0,0,1,8,800.0,0,0,307,0,0,65.2,55.4,70.7,46.3,,,63.5,60.0,6,0,0,0,0,8,0,0,0,1,0,6,8,8.0,6.0,,1
Kirkland Michaux,158218,QB,ILLINOIS,1,1,0,0,0.0,0,0,-1,0,0,0,0,0.0,0,0,187,0,0,62.5,60.0,63.6,,,,60.0,,-1,0,0,0,0,1,0,0,0,1,0,-1,0,0.0,-1.0,,0
Trever Jackson,183303,QB,FLORIDA ST,1,1,0,0,0.0,0,0,2,0,0,0,1,0.0,0,0,167,0,1,62.5,59.1,63.6,,,,59.7,,2,0,0,0,0,1,0,0,0,1,0,2,1,1.0,2.0,,0
Michael Merdinger,183334,QB,N CAROLINA,1,1,0,0,0.0,0,0,1,0,0,0,1,0.0,0,0,245,1,0,20.6,47.1,0.0,49.2,,,60.0,60.7,1,1,0,0,0,11,0,0,0,1,0,1,1,1.0,1.0,,0
Deuce Hogan,129470,QB,NEW MEX ST,2,1,0,0,0.0,0,0,0,0,0,0,,100.0,1,0,242,0,0,67.6,56.1,74.7,57.0,,,57.8,60.0,13,1,0,0,0,14,13,1,0,0,0,13,3,3.0,13.0,,0
Colt Fulton,145981,QB,BOISE ST,1,1,0,0,0.0,0,0,-2,0,0,0,0,0.0,0,0,120,0,0,62.5,60.0,63.6,,,,60.0,,-2,0,0,0,0,1,0,0,0,1,0,-2,0,0.0,-2.0,,0
Nate Hampton,147548,QB,LIBERTY,2,1,0,0,0.0,0,0,0,0,0,0,,100.0,0,0,206,0,0,65.4,43.9,72.7,44.8,,,57.0,60.0,7,0,0,0,0,12,7,1,0,0,0,7,3,3.0,7.0,,0
David Lynch,170120,QB,PITTSBURGH,3,1,0,0,0.0,0,0,0,0,0,0,,100.0,0,0,268,0,0,68.5,39.6,76.2,40.0,,,56.3,60.0,2,0,0,0,0,25,2,1,0,0,0,2,2,2.0,2.0,,0
Giles Pooler,146019,QB,COLO STATE,1,1,0,0,0.0,0,0,-1,0,0,0,0,0.0,0,0,144,0,0,62.5,60.0,63.6,,,,60.0,,-1,0,0,0,0,1,0,0,0,1,0,-1,0,0.0,-1.0,,0
Mabrey Mettauer,183668,QB,WISCONSIN,3,1,1,0,0.0,0,0,0,0,0,0,,100.0,0,0,349,0,0,61.8,58.3,71.6,60.6,,,57.8,60.0,2,0,0,0,0,14,2,1,0,0,0,2,12,12.0,2.0,,0
JR Blood,104782,QB,MISSOURI,1,1,0,0,0.0,0,0,-1,0,0,0,1,0.0,0,0,229,0,1,62.5,53.9,65.5,,,,57.5,60.0,-1,0,0,0,0,2,0,0,0,1,0,-1,1,1.0,-1.0,,0
Roman Gagliano,183961,QB,MIDDLE TN,3,1,0,0,0.0,0,0,0,0,0,0,,100.0,0,0,224,1,0,65.8,55.9,72.0,47.6,,,64.3,60.0,9,0,0,0,0,5,9,1,0,0,0,9,1,1.0,9.0,,0
CJ Carr,184093,QB,NOTRE DAME,1,1,0,0,0.0,0,0,-2,0,0,0,0,0.0,0,0,258,0,0,62.5,60.1,67.4,,,,60.0,60.0,-2,0,0,0,0,4,0,0,0,1,0,-2,0,0.0,-2.0,,0
Deuce Adams,190581,QB,LOUISVILLE,1,1,0,0,0.0,0,0,1,0,0,0,1,0.0,0,0,210,0,0,62.5,58.8,63.6,,,,59.6,,1,0,0,0,0,1,0,0,0,1,0,1,1,1.0,1.0,,1
Will Perry,184159,QB,UMASS,1,1,0,0,0.0,0,1,0,0,0,0,,100.0,0,0,216,0,0,65.8,65.7,0.0,72.4,,,57.3,,2,1,0,0,0,0,2,1,0,0,0,2,0,0.0,2.0,,0
Tyler Budge,184278,QB,GA SOUTHRN,1,1,0,0,0.0,0,0,0,0,0,0,,100.0,0,0,174,0,0,60.3,70.5,66.6,,,,64.3,60.0,9,0,0,0,0,2,9,1,0,0,0,9,5,5.0,9.0,,0
Dematrius Davis,146660,QB,UTSA,1,1,0,0,0.0,0,0,3,0,0,0,0,0.0,0,0,331,0,0,62.5,56.8,66.8,,70.2,58.6,58.2,,3,0,0,0,2,1,0,0,0,1,0,3,0,0.0,3.0,0.0,1
Landry Lyddy,156581,QB,UAB,2,1,0,0,0.0,0,0,0,0,0,0,,100.0,1,1,321,0,0,64.2,65.6,69.8,58.0,,,64.9,60.0,11,0,0,0,0,3,11,1,0,0,0,11,3,3.0,11.0,,0
KJ Jackson,184386,QB,ARKANSAS,1,1,0,0,0.0,0,0,0,0,0,0,,100.0,0,0,111,0,0,63.8,82.4,70.1,89.5,,,57.0,60.0,3,0,0,0,0,5,3,1,0,0,0,3,3,3.0,3.0,,0
Trey Owens,184514,QB,TEXAS,2,1,0,0,0.0,0,0,0,0,0,0,,100.0,0,0,311,0,0,63.8,72.6,73.5,78.3,,,57.3,60.0,3,0,0,0,0,22,3,1,0,0,0,3,2,2.0,3.0,,0
Arrington Maiden,184715,QB,MEMPHIS,1,1,1,0,0.0,0,0,-3,0,0,1,2,200.0,0,0,218,0,1,62.5,59.0,63.6,,,,59.6,,-3,0,0,0,0,1,0,0,0,1,0,-3,2,2.0,-3.0,,0
Drake Lindsey,184727,QB,MINNESOTA,4,1,0,0,0.0,0,0,0,0,0,0,,100.0,0,0,225,0,0,64.2,71.5,73.2,78.1,,58.8,57.3,60.0,6,0,0,0,2,12,6,1,0,0,0,6,0,0.0,6.0,0.0,0
Paul Tyson,98363,QB,CLEMSON,2,1,0,0,0.0,0,0,-1,0,0,0,0,0.0,0,0,140,0,0,62.5,60.2,67.4,,,,60.0,60.0,-1,0,0,0,0,4,0,0,0,1,0,-1,0,0.0,-1.0,,0
Nate Bennett,184815,QB,BAYLOR,3,1,0,0,0.0,0,0,-2,0,0,0,0,0.0,0,0,118,0,0,64.4,72.6,69.5,71.9,,,60.0,60.0,-2,0,0,0,0,6,0,0,0,1,0,-2,0,0.0,-2.0,,0
Casey Thompson,77677,QB,OKLAHOMA,1,1,0,0,0.0,0,0,-3,0,0,0,0,0.0,0,0,261,0,0,62.5,60.0,63.6,,,,60.0,,-3,0,0,0,0,1,0,0,0,1,0,-3,0,0.0,-3.0,,0
Harris Boyd,169933,QB,MEMPHIS,3,1,0,0,0.0,0,0,4,0,0,0,1,0.0,0,1,218,0,0,63.7,69.8,69.5,60.6,,,63.2,60.0,4,0,0,0,0,7,0,0,0,1,1,4,1,1.0,4.0,,1
Mason Maggs,162872,QB,OHIO STATE,1,1,0,0,0.0,0,0,3,0,0,0,2,0.0,0,0,260,0,1,62.5,57.5,63.8,,,,58.5,,3,0,0,0,0,1,0,0,0,1,0,3,2,2.0,3.0,,0
Malachi Nelson,174203,QB,BOISE ST,3,1,0,0,0.0,0,0,-2,0,0,0,0,0.0,0,0,120,0,0,67.8,80.4,76.2,80.1,,,60.0,60.0,-2,0,0,0,0,37,0,0,0,1,0,-2,0,0.0,-2.0,,0
Anthony Garcia,174863,QB,ARIZONA,1,1,0,0,0.0,0,0,1,0,0,0,3,0.0,0,0,109,0,1,62.5,59.0,63.6,,,,59.6,,1,0,0,0,0,1,0,0,0,1,0,1,3,3.0,1.0,,0
Lincoln Kienholz,170256,QB,OHIO STATE,2,1,0,0,0.0,0,0,-3,0,0,0,0,0.0,0,0,260,0,0,62.5,61.2,69.5,,,,60.0,60.0,-3,0,0,0,0,8,0,0,0,1,0,-3,0,0.0,-3.0,,0
Christian Gelov,123074,QB,PURDUE,1,1,0,0,0.0,0,0,12,0,0,0,3,0.0,1,1,273,0,0,64.8,92.0,68.6,90.8,,,61.4,60.0,12,0,0,0,0,3,0,0,0,1,0,12,3,3.0,12.0,,1
Cole Tannenbaum,158746,QB,ARIZONA,4,1,0,0,0.0,0,0,-4,0,0,0,0,0.0,0,0,109,1,1,63.8,43.0,72.4,42.4,,,60.0,60.0,-4,0,0,0,0,15,0,0,0,1,0,-4,0,0.0,-4.0,,0
Isaiah Chavez,128257,QB,NEW MEXICO,3,1,0,0,0.0,0,0,1,0,0,0,3,0.0,0,0,241,0,1,66.7,55.5,69.4,,62.2,,57.1,60.0,1,0,0,0,0,4,0,0,0,1,0,1,3,3.0,1.0,,0
Gunnar Gray,171202,QB,BUFFALO,4,1,0,0,0.0,0,0,-2,0,0,0,0,0.0,0,0,126,0,0,66.7,43.1,0.0,45.1,,,60.0,60.0,-2,1,0,0,0,16,0,0,0,1,0,-2,0,0.0,-2.0,,0
Zion Turner,158636,QB,JVILLE ST,1,1,0,0,0.0,0,0,3,0,0,0,2,0.0,0,0,196,0,1,63.7,45.5,66.6,48.5,,,59.4,60.0,3,0,0,0,0,2,0,0,0,1,0,3,2,2.0,3.0,,0
