player,player_id,team_name,player_game_count,accuracy_percent,attempts,avg_depth_of_target,big_time_throws,btt_rate,completion_percent,def_gen_pressures,dropbacks,drops,first_downs,grades_offense,grades_pass,grades_run,interceptions,passing_snaps,qb_rating,sack_percent,sacks,scrambles,touchdowns,turnover_worthy_plays,twp_rate,yards,ypa,td_int_ratio
Kyle McCord,145053,SYRACUSE,13,75.2,593,8.8,36,5.7,65.8,171,640,25,246,90.5,87.5,77.4,12,679,101.0,4.5,29,15,34,24,3.5,4760,8.0,2.83
Garrett Nussmeier,146757,LSU,13,71.4,525,9.5,26,4.7,64.0,153,553,23,208,84.5,81.3,70.0,12,586,96.4,2.7,15,12,29,18,3.1,4043,7.7,2.42
Chandler Morris,122938,N TEXAS,12,73.3,514,8.4,27,4.9,62.8,130,562,40,190,78.9,75.8,69.4,12,600,95.6,2.7,15,31,31,23,3.8,3792,7.4,2.58
Cade Klubnik,156253,CLEMSON,14,73.7,492,9.4,28,5.4,62.6,167,547,29,180,89.3,87.7,67.4,6,571,104.4,4.6,25,27,36,13,2.3,3642,7.4,6.0
Shedeur Sanders,131396,COLORADO,13,81.8,481,8.1,26,5.0,73.4,204,563,16,198,91.0,90.5,67.4,10,605,116.0,7.3,41,39,37,8,1.3,4133,8.6,3.7
Seth Henigan,144267,MEMPHIS,13,73.7,478,9.1,30,5.9,64.9,142,527,21,163,81.7,79.3,66.6,6,558,98.9,3.6,19,27,25,11,2.0,3505,7.3,4.17
Josh Hoover,127148,TCU,13,76.7,474,8.3,17,3.4,66.2,127,508,31,181,83.5,84.3,53.8,11,532,101.3,3.0,15,17,27,18,3.4,3952,8.3,2.45
Owen McCown,157688,UTSA,13,72.9,468,8.4,19,3.8,62.6,154,542,32,170,81.4,77.3,73.9,10,575,93.7,4.8,26,43,25,11,1.9,3425,7.3,2.5
Behren Morton,144747,TEXAS TECH,12,74.2,467,8.4,19,3.9,63.2,133,509,27,159,79.0,77.9,60.2,8,537,96.6,4.3,22,19,27,15,2.8,3335,7.1,3.38
Rocco Becht,157567,IOWA STATE,14,69.3,461,9.8,22,4.5,59.0,156,515,12,183,76.7,69.7,80.8,9,549,92.9,3.1,16,35,25,20,3.6,3510,7.6,2.78
Cam Ward,133244,MIAMI FL,13,76.5,454,9.8,31,6.3,67.2,145,511,20,217,92.9,91.7,77.8,7,553,119.9,4.5,23,32,39,18,3.3,4313,9.5,5.57
Dillon Gabriel,86272,OREGON,14,81.9,451,7.0,15,3.2,72.3,137,492,23,187,86.8,86.3,61.8,6,515,114.6,3.9,19,22,30,8,1.6,3854,8.5,5.0
Carson Beck,124010,GEORGIA,13,75.1,449,8.8,23,4.8,64.6,105,494,30,179,81.2,80.2,62.2,12,529,97.7,3.6,18,26,28,20,3.8,3466,7.7,2.33
Quinn Ewers,127253,TEXAS,14,75.8,444,7.9,20,4.3,65.8,142,503,24,169,72.5,71.8,55.6,12,526,101.5,6.6,33,19,31,21,4.0,3469,7.8,2.58
E.J. Warner,156185,RICE,11,69.5,440,7.6,13,2.8,61.6,128,461,16,126,66.7,66.7,51.3,13,480,79.7,1.5,7,12,17,17,3.5,2719,6.2,1.31
Noah Fifita,158722,ARIZONA,12,73.4,430,8.7,16,3.6,60.5,170,488,19,146,76.1,73.1,69.0,12,512,83.4,5.9,29,29,18,14,2.7,2955,6.9,1.5
Kadin Semonza,174001,BALL ST,12,73.4,427,7.5,16,3.6,64.4,122,475,17,144,67.6,68.8,46.4,10,499,94.1,6.7,32,15,25,16,3.2,2934,6.9,2.5
Will Howard,122599,OHIO STATE,16,79.6,423,8.5,22,5.0,72.8,123,458,12,182,86.4,85.7,64.3,10,479,119.9,3.5,16,15,35,15,3.1,4003,9.5,3.5
Billy Edwards Jr.,144185,MARYLAND,11,73.2,423,8.5,18,4.0,64.5,137,465,16,142,75.9,71.3,73.7,9,493,87.2,3.7,17,24,15,12,2.4,2880,6.8,1.67
Maalik Murphy,157302,DUKE,12,68.0,423,9.7,26,5.8,60.3,85,437,19,131,73.5,72.0,59.1,12,463,89.8,2.7,12,2,26,13,2.8,2927,6.9,2.17
Jaylen Raynor,172203,ARK STATE,13,70.1,421,9.8,17,3.8,61.8,163,502,21,152,76.4,72.5,68.8,10,534,83.9,6.4,32,47,16,18,3.4,2785,6.6,1.6
Nicholas Vattiato,145302,MIDDLE TN,12,75.1,420,8.6,16,3.6,64.0,144,489,27,150,78.5,78.6,58.1,10,515,88.8,5.9,29,38,16,14,2.7,3080,7.3,1.6
Dylan Raiola,183581,NEBRASKA,13,73.4,413,8.0,17,3.8,66.3,140,454,7,136,72.1,71.5,54.7,11,485,85.2,5.5,25,13,13,12,2.5,2816,6.8,1.18
JC French,162521,GA SOUTHRN,13,74.7,411,7.7,18,4.1,65.2,141,483,18,146,69.0,67.7,62.5,11,523,87.8,5.6,27,42,17,20,3.8,2839,6.9,1.55
Max Brosmer,105568,MINNESOTA,13,77.5,406,8.7,13,3.1,66.0,123,458,22,146,84.0,84.2,59.1,6,477,94.5,5.9,27,25,18,8,1.7,2801,6.9,3.0
Cole Snyder,97617,E MICHIGAN,12,71.9,405,9.4,18,4.2,59.3,139,466,16,136,72.9,73.2,60.4,9,495,82.2,6.4,30,31,15,16,3.2,2691,6.6,1.67
Riley Leonard,143862,NOTRE DAME,16,78.2,405,7.5,18,4.1,66.4,153,476,21,157,83.5,73.9,82.8,8,508,95.8,4.0,19,51,21,10,2.0,2851,7.0,2.62
Connor Bazelak,99135,BOWL GREEN,13,75.5,404,7.5,10,2.3,66.8,119,442,14,149,77.6,75.4,66.6,5,465,99.0,6.6,29,7,18,8,1.7,3059,7.6,3.6
Brayden Schager,146078,HAWAII,11,69.3,403,10.3,14,3.3,57.6,183,498,30,144,74.9,69.7,75.3,13,521,79.1,8.2,41,52,19,17,3.3,2587,6.4,1.46
Jaxson Dart,146409,OLE MISS,13,77.7,399,11.9,30,7.1,69.2,146,474,16,182,92.5,91.9,75.3,6,501,122.3,5.9,28,45,29,11,2.2,4276,10.7,4.83
Maddux Madsen,163379,BOISE ST,14,71.7,397,9.5,9,2.1,62.2,113,439,21,164,74.3,70.7,67.7,6,465,98.6,2.7,12,30,23,20,4.3,3014,7.6,3.83
Athan Kaliakmanis,144971,RUTGERS,13,64.1,396,11.4,15,3.6,53.8,153,448,26,149,77.3,73.0,71.5,7,472,83.1,4.9,22,30,18,19,4.0,2696,6.8,2.57
Mikey Keene,70961,FRESNO ST,12,80.2,395,7.5,14,3.3,69.9,108,430,19,135,71.2,73.5,39.7,11,459,94.4,5.6,24,9,18,15,3.3,2891,7.3,1.64
Drew Allar,164157,PENN STATE,16,73.0,394,9.1,21,5.1,66.5,143,459,16,181,82.2,79.1,72.6,8,476,104.5,4.6,21,43,24,10,2.1,3327,8.4,3.0
Jordan McCloud,101058,TEXAS ST,13,79.8,392,8.7,15,3.6,69.9,114,434,15,165,82.8,81.6,65.2,13,454,106.4,3.7,16,25,30,12,2.6,3230,8.2,2.31
Joey Aguilar,174978,APP STATE,11,64.9,392,11.7,26,6.2,55.6,146,432,19,157,71.9,66.8,75.9,14,467,85.0,3.0,13,27,23,25,5.4,2999,7.7,1.64
Tyler Shough,83537,LOUISVILLE,12,75.1,391,9.7,21,5.1,62.1,150,424,23,148,87.4,87.7,56.0,6,446,101.1,3.3,14,18,23,8,1.8,3191,8.2,3.83
Devon Dampier,171556,NEW MEXICO,12,66.9,391,11.9,20,4.7,57.5,98,435,22,145,89.9,78.9,86.5,12,473,76.9,0.9,4,40,12,10,2.1,2761,7.1,1.0
Ben Finley,122864,AKRON,12,65.9,390,9.4,16,3.9,54.6,150,436,27,120,61.6,62.4,54.3,9,459,79.6,5.7,25,21,16,15,3.3,2620,6.7,1.78
Caden Veltkamp,156642,W KENTUCKY,13,76.2,390,8.5,15,3.6,66.2,123,437,20,142,78.9,79.0,62.3,10,461,101.0,5.9,26,20,25,13,2.8,3097,7.9,2.5
Fernando Mendoza,158323,CAL,11,75.5,390,8.4,12,2.9,67.9,156,460,12,156,77.4,75.7,66.3,6,490,98.1,8.7,40,28,16,17,3.5,3004,7.7,2.67
Brendan Sorsby,156398,CINCINNATI,12,71.8,388,9.1,8,2.0,63.9,112,435,17,156,76.3,72.4,70.8,7,455,93.5,3.9,17,30,18,13,2.9,2813,7.3,2.57
Tucker Gleason,122475,TOLEDO,12,69.9,387,9.2,12,2.9,60.5,151,422,17,137,70.2,66.8,67.2,8,450,94.5,3.8,16,19,24,17,3.8,2782,7.2,3.0
Taylen Green,145996,ARKANSAS,13,70.1,385,10.8,22,5.5,59.7,177,458,16,154,86.6,79.2,81.2,9,475,89.2,7.0,32,41,15,17,3.6,3146,8.2,1.67
Kevin Jennings,158272,SMU,14,75.4,384,8.7,20,4.8,65.1,136,427,16,154,85.1,85.0,63.1,11,463,99.8,4.0,17,24,23,14,3.0,3267,8.5,2.09
Brett Gabbert,97404,MIAMI OH,14,65.5,381,10.9,16,4.1,56.7,111,428,14,141,60.1,60.6,53.7,11,439,87.6,5.8,25,22,21,17,3.9,2916,7.7,1.91
Brayden Fowler-Nicolosi,157207,COLO STATE,13,69.1,380,9.5,19,4.8,60.3,100,412,17,115,69.3,72.5,45.4,9,435,84.9,2.2,9,22,14,13,3.0,2751,7.2,1.56
Avery Johnson,173108,KANSAS ST,13,70.9,374,9.4,15,3.9,57.5,120,409,29,140,81.1,72.9,80.7,10,425,91.2,2.7,11,23,25,14,3.3,2703,7.2,2.5
Jake Retzlaff,70874,BYU,13,70.3,370,11.1,12,3.0,57.6,116,409,24,155,74.7,72.0,68.5,12,437,87.7,4.2,17,21,20,18,4.1,2944,8.0,1.67
Sawyer Robertson,146839,BAYLOR,12,68.8,366,9.6,15,3.8,61.7,96,409,14,161,78.1,74.8,70.8,8,442,104.7,3.9,16,23,28,16,3.6,3058,8.4,3.5
Miller Moss,70727,USC,9,72.5,364,7.6,13,3.4,64.0,114,374,10,134,78.5,76.5,65.5,9,389,90.8,2.4,9,1,18,12,3.1,2548,7.0,2.0
Ethan Garbers,131896,UCLA,11,73.1,364,7.7,10,2.6,64.6,176,436,9,148,69.1,68.3,60.7,11,458,89.1,7.8,34,38,16,19,4.1,2723,7.5,1.45
Hank Bachmeier,101284,WAKE,12,72.0,358,9.7,18,4.6,62.3,171,447,16,146,73.6,72.3,61.9,10,481,87.2,9.2,41,46,16,12,2.5,2576,7.2,1.6
Alonza Barnett III,156710,JAMES MAD,12,74.8,355,9.3,14,3.8,60.0,116,420,21,130,68.6,65.4,65.4,4,433,102.2,8.1,34,31,26,13,3.0,2591,7.3,6.5
Sam Leavitt,175465,ARIZONA ST,13,72.3,350,9.3,13,3.6,61.4,143,421,20,151,88.5,82.2,80.1,6,440,102.6,4.5,19,51,24,5,1.1,2820,8.1,4.0
Luke Altmyer,146802,ILLINOIS,13,71.3,350,10.5,20,5.3,60.3,154,411,15,142,76.4,74.7,63.6,6,443,98.6,7.3,30,31,22,14,3.2,2725,7.8,3.67
John Mateer,158516,WASH STATE,12,72.9,348,10.2,18,4.9,64.1,128,433,19,159,83.4,70.8,86.2,7,458,112.4,7.6,33,46,29,16,3.5,3136,9.0,4.14
Alan Bowman,77679,OKLA STATE,11,65.8,341,8.9,11,3.0,59.8,56,352,8,120,71.5,70.6,57.4,12,378,83.8,2.0,7,1,17,13,3.4,2444,7.2,1.42
C.J. Ogbonna,149182,BUFFALO,13,68.1,337,10.0,23,6.5,56.4,120,380,13,108,63.6,64.9,56.6,5,397,91.1,5.5,21,21,19,12,3.0,2376,7.1,3.8
Nico Iamaleava,174728,TENNESSEE,13,72.0,335,11.1,17,4.8,63.6,120,417,18,137,78.3,81.7,53.7,5,445,100.3,7.2,30,50,19,11,2.5,2617,7.8,3.8
Walker Eget,146170,S JOSE ST,11,65.8,331,12.4,18,5.0,56.5,79,346,13,111,84.7,81.8,70.3,10,374,81.1,1.2,4,11,13,8,2.1,2494,7.5,1.3
Danny O'Neil,184200,S DIEGO ST,11,72.5,330,9.6,13,3.7,62.7,122,384,14,107,69.8,73.4,45.5,6,413,86.5,6.5,25,28,12,7,1.7,2187,6.6,2.0
Spencer Petras,82136,UTAH ST,9,76.2,326,8.3,8,2.3,65.6,75,350,20,108,67.6,68.3,50.4,11,373,89.7,3.4,12,11,17,13,3.5,2315,7.1,1.55
Jalen Milroe,146590,ALABAMA,13,72.6,324,9.9,18,5.2,63.3,124,371,15,127,87.4,78.3,81.8,11,395,93.6,6.2,23,24,16,10,2.5,2834,8.7,1.45
Aidan Chiles,173727,MICH STATE,12,68.2,324,10.2,13,3.8,59.3,143,374,14,113,74.3,64.8,84.9,11,393,81.8,7.2,27,23,13,20,5.1,2415,7.5,1.18
Jacolby Criswell,122830,N CAROLINA,12,68.8,323,10.1,10,2.9,57.6,152,382,17,122,69.1,66.2,67.8,6,405,89.5,6.3,24,33,15,12,3.0,2457,7.6,2.5
Kurtis Rourke,97998,INDIANA,12,74.4,322,10.4,19,5.6,68.9,75,360,8,155,88.4,90.2,46.7,5,382,122.5,5.6,20,17,29,10,2.6,3042,9.4,5.8
Brady Cook,124199,MISSOURI,12,70.9,322,9.7,13,3.8,62.4,100,367,16,118,80.4,75.1,76.6,2,384,95.7,6.3,23,22,11,4,1.0,2535,7.9,5.5
Anthony Colandrea,170131,VIRGINIA,11,71.1,319,7.9,12,3.6,61.4,156,392,13,109,64.2,58.5,69.2,11,414,80.1,9.9,39,34,13,15,3.6,2116,6.6,1.18
Payton Thorne,101629,AUBURN,11,73.1,319,10.0,10,3.0,62.4,115,387,16,123,74.7,74.4,62.3,9,401,99.7,7.0,27,41,21,7,1.7,2713,8.5,2.33
Jalen Kitna,146688,UAB,8,71.1,317,8.4,14,4.3,61.8,116,357,21,96,60.2,65.2,31.1,11,370,86.1,5.9,21,16,17,22,5.9,2209,7.0,1.55
Hayden Wolff,98362,W MICHIGAN,13,76.3,316,8.5,10,3.0,66.5,102,349,12,119,70.5,71.5,49.0,8,363,97.8,6.3,22,11,18,11,3.0,2421,7.7,2.25
Garrett Greene,123420,W VIRGINIA,11,70.2,315,10.3,18,5.3,60.0,120,375,16,133,83.0,74.4,80.6,12,403,82.4,5.9,22,38,15,15,3.7,2293,7.3,1.25
Brendon Lewis,131687,NEVADA,12,76.2,315,9.6,11,3.2,67.0,139,371,10,120,90.1,79.3,85.4,7,400,95.9,5.9,22,32,16,12,3.0,2290,7.3,2.29
Will Rogers,124184,WASHINGTON,11,77.4,315,8.2,13,4.0,69.8,104,342,6,120,64.0,67.2,31.0,7,351,98.4,4.7,16,10,14,14,4.0,2458,7.8,2.0
Gio Lopez,172309,S ALABAMA,11,73.6,311,9.2,18,5.5,65.9,120,356,10,122,81.4,70.6,86.1,5,375,102.8,4.2,15,30,17,13,3.5,2556,8.2,3.4
Evan Simon,129906,TEMPLE,9,72.5,307,7.7,12,3.7,58.3,167,359,19,95,70.3,72.3,54.3,9,381,81.8,7.2,26,26,15,11,2.9,1997,6.5,1.67
Keyone Jenkins,170403,FIU,12,72.5,304,10.6,19,5.8,61.8,110,348,20,120,69.5,72.1,52.1,8,375,101.9,4.9,17,24,22,15,4.0,2560,8.4,2.75
CJ Bailey,183349,NC STATE,11,77.5,302,8.7,14,4.3,64.9,115,361,18,121,74.0,74.3,61.6,10,388,94.4,6.4,23,35,17,18,4.6,2413,8.0,1.7
Evan Bullock,170452,LA TECH,11,75.9,302,7.7,6,1.9,65.2,108,358,17,99,68.3,68.9,54.6,3,366,96.6,10.1,36,15,14,12,3.3,2094,6.9,4.67
Jalon Daniels,122555,KANSAS,12,65.9,301,12.4,22,7.1,56.8,89,334,13,117,77.6,72.6,73.6,12,349,82.3,2.7,9,22,14,15,4.3,2454,8.2,1.17
LaNorris Sellers,174326,S CAROLINA,12,74.6,301,8.8,16,4.9,64.8,162,381,11,136,76.6,70.6,73.8,7,409,101.2,8.1,31,49,18,19,4.6,2520,8.4,2.57
Diego Pavia,156927,VANDERBILT,13,71.1,299,10.1,19,5.9,59.2,149,352,10,123,88.0,85.0,73.9,4,377,100.0,4.3,15,36,20,5,1.3,2290,7.7,5.0
Parker Navarro,123758,OHIO,13,73.0,297,10.2,14,4.5,65.7,102,354,11,128,81.4,69.7,82.7,11,370,89.9,4.8,17,39,13,17,4.6,2423,8.2,1.18
Braedyn Locke,157141,WISCONSIN,10,68.9,296,8.7,10,3.2,55.4,67,311,20,82,61.1,58.6,67.0,10,331,76.1,3.2,10,5,13,18,5.4,1936,6.5,1.3
Jack Lausch,162845,NWESTERN,10,64.8,296,9.2,10,3.2,53.7,129,344,16,82,54.7,52.7,62.1,8,360,67.6,6.4,22,25,7,14,3.9,1711,5.8,0.88
Ben Wooldridge,82115,LA LAFAYET,11,76.5,294,8.7,10,3.2,64.6,90,332,22,123,83.8,81.2,69.9,6,352,101.4,3.6,12,26,17,7,2.0,2451,8.3,2.83
Bryce Archie,156667,USF,12,69.7,294,9.2,11,3.5,58.5,109,333,19,90,62.4,60.1,63.6,10,354,74.1,6.3,21,17,9,14,4.0,1918,6.5,0.9
Tyler Huff,142567,JVILLE ST,14,68.0,294,10.6,12,3.7,60.2,100,341,12,113,88.7,75.9,85.4,7,372,93.9,6.2,21,25,14,12,3.2,2519,8.6,2.0
Christian Veilleux,145086,GA STATE,10,70.0,293,9.6,11,3.5,57.3,88,310,21,101,63.6,60.4,69.4,11,330,78.3,3.2,10,7,13,15,4.5,2062,7.0,1.18
Eli Holstein,172381,PITTSBURGH,10,69.4,290,9.5,12,3.9,61.7,122,349,9,117,63.1,57.1,72.0,7,374,95.0,6.0,21,33,17,20,5.3,2226,7.7,2.43
Darian Mensah,169984,TULANE,13,75.7,287,11.3,17,5.6,65.9,108,337,17,131,82.1,81.4,62.7,6,356,113.3,5.3,18,32,22,16,4.5,2722,9.5,3.67
Hunter Watson,183993,SM HOUSTON,12,67.4,283,8.2,8,2.7,61.8,96,333,3,100,69.1,61.7,71.2,8,349,82.6,7.8,26,24,12,13,3.7,1808,6.4,1.5
Ethan Vasko,163817,COAST CAR,12,65.1,272,10.8,19,6.5,54.4,91,292,20,98,84.2,78.2,76.3,8,314,84.7,2.1,6,13,14,11,3.5,2113,7.8,1.75
Ashton Daniels,157259,STANFORD,11,73.2,272,9.2,9,3.1,62.5,132,332,10,101,71.7,65.5,71.2,12,357,74.1,6.0,20,40,10,16,4.5,1700,6.3,0.83
Haynes King,124329,GA TECH,11,82.3,271,6.1,8,2.8,72.3,60,285,9,104,85.9,81.0,74.4,2,301,108.8,2.8,8,6,14,3,1.0,2104,7.8,7.0
Davis Bryson,160369,KENNESAW,11,63.3,262,7.3,4,1.5,55.0,81,291,11,68,57.4,51.7,65.7,10,303,63.4,5.2,15,11,6,10,3.3,1495,5.7,0.6
Kaidon Salter,132046,LIBERTY,11,66.5,262,11.9,19,6.7,55.7,95,314,19,100,82.0,75.7,76.4,6,337,87.9,6.4,20,31,15,14,4.2,1875,7.2,2.5
Michael Van Buren Jr.,184764,MISS STATE,9,65.8,256,11.4,14,5.1,54.7,113,311,12,91,65.9,67.1,55.4,7,334,81.3,8.4,26,28,11,11,3.3,1885,7.4,1.57
Hajj-Malik Williams,102348,UNLV,12,66.0,254,11.2,15,5.6,59.1,102,336,13,118,76.7,67.3,78.3,5,352,99.9,8.0,27,55,19,13,3.7,1941,7.6,3.8
Kirk Francis,173296,TULSA,11,67.4,253,10.1,17,6.3,58.9,89,284,12,76,62.6,64.9,49.2,6,300,79.3,4.9,14,17,9,15,5.0,1587,6.3,1.5
Hudson Card,123109,PURDUE,10,72.1,250,9.4,8,3.0,57.6,123,285,16,84,73.3,72.0,63.8,7,300,77.8,7.0,20,15,9,9,3.0,1641,6.6,1.29
Ethan Hampton,145858,N ILLINOIS,11,71.0,249,8.2,5,1.9,57.8,93,291,13,88,70.3,65.0,74.0,6,305,83.1,5.2,15,27,12,12,3.9,1601,6.4,2.0
Katin Houser,158386,E CAROLINA,9,67.8,248,10.9,19,7.1,60.1,57,272,11,94,74.1,73.2,63.3,11,292,91.3,3.3,9,11,18,14,4.8,1993,8.0,1.64
Jackson Arnold,173684,OKLAHOMA,10,72.5,246,7.8,7,2.7,62.6,132,327,12,84,63.2,57.7,65.6,3,341,89.3,11.0,36,43,12,8,2.3,1410,5.7,4.0
Marcel Reed,175940,TEXAS A&M,10,67.8,243,10.2,8,3.1,60.5,96,299,9,103,68.3,64.6,67.1,6,310,94.8,4.3,13,43,15,10,3.2,1867,7.7,2.5
Taisun Phommachanh,99577,UMASS,9,67.8,235,9.9,8,3.1,56.2,96,288,13,78,62.7,62.7,59.4,6,310,78.0,7.6,22,30,8,9,2.9,1599,6.8,1.33
Skyler Locklear,164027,UTEP,10,72.9,234,8.9,14,5.7,63.7,96,280,7,72,67.9,65.7,61.2,6,293,87.0,5.0,14,30,10,11,3.8,1587,6.8,1.67
Evan Svoboda,157664,WYOMING,10,61.2,226,11.7,8,3.3,49.1,88,263,17,59,54.8,50.1,64.8,8,281,59.9,10.3,27,9,5,14,5.0,1318,5.8,0.62
Isaac Wilson,183872,UTAH,9,64.9,225,9.7,7,3.0,56.4,94,263,10,69,49.9,51.3,49.4,11,270,71.5,7.2,19,19,10,17,6.3,1506,6.7,0.91
Matthew Caldwell,150302,TROY,9,74.0,225,8.3,7,3.0,63.1,65,239,9,85,63.7,62.0,59.1,8,251,88.8,4.2,10,3,13,13,5.2,1601,7.1,1.62
Kyron Drones,144506,VA TECH,9,72.7,225,8.6,9,3.8,60.4,100,256,13,72,79.6,73.2,73.4,6,266,85.1,5.1,13,16,10,9,3.4,1561,6.9,1.67
Colton Joseph,172283,DOMINION,9,65.4,222,10.4,6,2.6,59.9,93,269,7,93,67.8,54.6,79.9,5,284,89.6,6.7,18,27,11,20,7.0,1625,7.3,2.2
Brock Vandagriff,146713,KENTUCKY,11,70.6,221,10.5,15,6.3,57.0,103,265,11,81,71.8,66.7,71.7,8,286,79.6,9.4,25,19,10,12,4.2,1594,7.2,1.25
Emmett Brown,157344,S JOSE ST,8,66.5,219,12.4,13,5.5,57.5,64,233,9,78,71.5,69.9,66.1,5,252,95.8,3.0,7,7,16,13,5.2,1625,7.4,3.2
Cam Fancher,145266,FAU,9,70.7,212,8.1,4,1.8,59.0,113,273,10,78,62.2,59.9,63.3,6,287,78.9,8.8,24,37,6,11,3.8,1529,7.2,1.0
Davis Warren,73940,MICHIGAN,9,74.2,210,6.5,6,2.8,64.3,70,228,9,68,72.1,70.9,59.4,9,235,72.6,3.9,9,8,7,9,3.8,1196,5.7,0.78
Joe Fagnano,104768,UCONN,10,71.1,207,9.2,7,3.2,58.0,67,222,15,72,68.9,68.9,57.0,4,235,107.4,2.7,6,9,20,4,1.7,1631,7.9,5.0
Braylon Braxton,144442,MARSHALL,11,69.6,207,10.4,12,5.5,59.9,64,238,9,83,81.2,77.6,70.9,2,251,111.4,3.8,9,21,19,8,3.2,1631,7.9,9.5
Gevani McCoy,147609,OREGON ST,9,67.0,204,8.4,7,3.2,61.3,76,246,7,74,68.7,66.7,63.0,6,262,72.4,6.1,15,27,3,7,2.7,1303,6.4,0.5
DeShawn Purdie,184271,CHARLOTTE,9,57.7,204,14.7,24,11.0,50.0,87,242,7,68,50.7,49.5,59.8,6,258,85.0,9.5,23,12,10,20,7.8,1822,8.9,1.67
DJ Lagway,184426,FLORIDA,12,68.1,196,11.8,18,8.8,58.7,74,225,9,74,67.0,72.9,46.1,9,233,93.0,5.8,13,16,12,7,3.0,1915,9.8,1.33
Aidan Armenta,175731,LA MONROE,11,66.9,191,11.0,10,5.0,53.9,75,226,18,57,71.6,67.4,71.7,10,237,69.0,7.1,16,12,9,13,5.5,1286,6.7,0.9
Jake Garcia,143941,E CAROLINA,6,70.4,182,11.1,12,6.2,59.9,70,208,10,70,68.1,63.2,72.8,12,220,71.7,7.2,15,11,8,17,7.7,1422,7.8,0.67
Nick Evers,158082,UCONN,9,67.6,182,9.4,7,3.7,53.8,64,210,17,52,60.9,61.6,57.4,5,218,65.8,5.7,12,16,5,8,3.7,925,5.1,1.0
Tommy Ulatowski,163150,KENT STATE,9,60.4,176,13.3,15,8.0,46.0,102,219,6,52,57.2,58.3,52.8,8,230,82.1,12.8,28,15,15,9,3.9,1358,7.7,1.88
Cade McNamara,101620,IOWA,8,68.9,173,7.1,6,3.3,60.1,52,185,9,56,67.1,66.9,50.0,5,193,76.2,4.3,8,4,6,5,2.6,1019,5.9,1.2
Jayden Maiava,158135,USC,5,69.7,169,9.2,9,5.1,59.8,61,177,7,60,81.6,76.0,80.9,6,184,88.4,2.8,5,3,11,8,4.3,1201,7.1,1.83
Nate Yarnell,144037,PITTSBURGH,8,69.2,168,10.0,7,3.9,58.3,83,202,10,64,72.6,72.9,60.6,5,216,84.3,8.4,17,15,10,9,4.2,1056,6.3,2.0
Tate Rodemaker,122414,SO MISS,8,69.8,166,7.1,4,2.3,59.6,73,185,5,43,56.2,54.6,57.2,7,195,72.9,7.6,14,5,7,10,5.1,983,5.9,1.0
Grayson James,145214,BOSTON COL,6,76.0,166,9.4,7,3.9,63.9,79,195,5,66,68.9,64.8,68.9,2,207,92.5,6.2,12,15,6,9,4.3,1203,7.2,3.0
Parker Awad,183974,NEW MEX ST,7,62.7,164,11.1,8,4.5,46.3,73,197,13,56,59.6,49.6,77.3,4,210,72.7,8.6,17,14,7,11,5.2,1099,6.7,1.75
Cooper Legas,101286,TULSA,9,61.2,162,11.4,14,8.1,53.7,80,182,3,48,60.5,56.3,65.3,6,195,85.5,6.0,11,9,12,10,5.1,1144,7.1,2.0
Thomas Castellanos,158433,BOSTON COL,8,67.3,161,10.9,6,3.6,61.5,67,202,4,64,66.3,74.8,50.9,5,208,113.0,8.9,18,22,18,7,3.4,1366,8.5,3.6
Joe Labas,144847,C MICHIGAN,6,70.3,161,9.2,6,3.5,58.4,56,178,10,51,64.3,65.7,52.8,7,190,75.9,4.5,8,9,7,10,5.3,1114,6.9,1.0
DJ Uiagalelei,122162,FLORIDA ST,5,70.1,158,10.8,6,3.7,52.5,76,179,13,51,71.2,72.5,56.3,6,186,66.5,5.6,10,11,4,5,2.7,1061,6.7,0.67
Zach Gibson,100201,GA STATE,6,78.7,151,6.2,4,2.5,67.5,70,183,9,54,73.8,73.5,63.0,2,195,96.0,7.7,14,18,7,4,2.1,1005,6.7,3.5
Blake Horvath,162555,NAVY,12,63.1,139,12.5,5,3.4,57.6,61,164,2,55,84.8,59.8,90.6,4,173,109.8,6.7,11,13,13,12,6.9,1353,9.7,3.25
Donovan Smith,73929,HOUSTON,7,73.8,134,6.5,2,1.4,64.2,58,164,4,40,60.5,53.0,70.6,8,177,67.4,9.8,16,13,4,7,4.0,862,6.4,0.5
Byrum Brown,156206,USF,5,68.8,132,8.6,2,1.4,59.1,70,164,8,40,67.0,61.5,67.2,0,177,82.8,9.8,16,16,2,2,1.1,837,6.3,2
Zeon Chriss,156733,HOUSTON,10,73.0,130,6.9,4,2.9,63.8,71,167,6,46,60.8,53.4,65.1,8,175,66.1,9.6,16,21,4,10,5.7,816,6.3,0.5
Ben Gulbranson,131734,OREGON ST,4,71.4,129,9.9,4,2.9,60.5,39,136,7,46,80.7,75.3,82.5,4,147,80.3,3.7,5,2,4,5,3.4,943,7.3,1.0
Bryson Barnes,131845,UTAH ST,7,72.8,126,9.7,4,3.1,60.3,47,147,7,45,76.7,63.5,80.5,6,154,88.2,4.1,6,13,11,7,4.5,805,6.4,1.83
Stone Earle,123504,MARSHALL,8,62.9,122,9.1,3,2.3,54.1,42,146,7,39,58.0,55.2,62.8,2,152,82.4,4.1,6,14,7,3,2.0,671,5.5,3.5
Jacob Zeno,98014,UAB,4,82.1,121,4.6,2,1.6,67.8,52,148,10,48,68.0,66.4,62.4,5,160,86.1,5.4,8,19,6,7,4.4,819,6.8,1.2
Ethan Crawford,173571,SO MISS,8,56.0,120,13.4,9,7.2,41.7,88,158,11,34,65.5,55.2,72.3,7,165,41.7,16.5,26,12,0,9,5.5,841,7.0,0.0
Michael Hawkins Jr.,184595,OKLAHOMA,7,79.0,120,7.9,3,2.3,63.3,68,160,7,39,61.9,61.5,59.5,2,177,83.4,10.0,16,24,3,5,2.8,783,6.5,1.5
Kaden Anderson,127312,WYOMING,9,71.4,120,10.8,8,6.3,58.3,43,123,10,42,67.2,72.0,49.8,3,129,90.2,0.8,1,2,6,5,3.9,958,8.0,2.0
Dylan Rizk,174360,UCF,6,70.0,119,10.1,4,3.3,60.5,33,132,5,47,67.9,71.0,53.1,2,136,91.2,3.8,5,8,5,6,4.4,904,7.6,2.5
Conner Weigman,158683,TEXAS A&M,6,67.9,114,9.0,5,4.1,56.1,54,139,8,47,59.0,55.3,68.2,5,148,69.2,6.5,9,16,3,8,5.4,815,7.1,0.6
Brock Glenn,170335,FLORIDA ST,7,61.9,114,9.8,5,4.1,44.7,56,140,9,35,54.2,51.0,63.7,5,149,54.4,8.6,12,13,4,6,4.0,591,5.2,0.8
Santino Marucci,144197,NEW MEX ST,7,58.9,112,10.5,0,0.0,43.8,48,134,7,38,50.5,50.5,55.3,5,147,48.2,5.2,7,15,3,8,5.4,519,4.6,0.6
Josh Holst,171312,N ILLINOIS,7,68.0,112,9.2,1,0.9,58.0,31,140,5,41,56.3,49.2,65.4,2,145,71.2,5.0,7,21,2,7,4.8,598,5.3,1.0
Blake Shapen,122282,MISS STATE,4,78.6,109,9.3,7,5.9,67.9,47,138,7,48,77.2,84.6,45.4,1,149,116.5,8.0,11,18,8,6,4.0,974,8.9,8.0
KJ Jefferson,99129,UCF,5,65.7,108,11.1,5,4.4,59.3,47,131,3,42,69.7,64.9,69.9,4,137,96.7,9.9,13,10,7,7,5.1,1012,9.4,1.75
Demond Williams Jr.,183648,WASHINGTON,13,83.7,105,7.2,7,6.3,78.1,68,157,0,49,83.0,74.5,77.2,1,165,125.6,14.0,22,29,8,3,1.8,944,9.0,8.0
Bryson Daily,147303,ARMY,13,62.1,103,16.5,10,8.9,52.4,47,114,5,39,91.5,67.8,91.1,4,123,99.3,3.5,4,6,9,11,8.9,1002,9.7,2.25
Forrest Brock,173260,TEMPLE,3,65.6,102,6.7,2,1.8,58.8,39,113,3,26,60.5,68.6,41.6,5,125,56.0,7.1,8,3,1,3,2.4,539,5.3,0.2
Max Brown,157756,CHARLOTTE,5,58.1,94,13.2,7,7.0,45.7,47,118,0,29,45.3,44.5,56.4,6,125,49.1,8.5,10,14,3,11,8.8,561,6.0,0.5
Graham Mertz,97994,FLORIDA,5,82.4,94,7.6,4,4.0,76.6,28,107,3,45,73.7,75.4,55.5,2,116,113.4,3.7,4,9,6,5,4.3,791,8.4,3.0
Arch Manning,173162,TEXAS,7,76.5,90,11.1,6,6.4,67.8,26,101,4,39,88.0,81.0,81.1,2,107,126.1,6.9,7,4,9,2,1.9,939,10.4,4.5
Chandler Fields,97286,LA LAFAYET,7,78.0,88,10.3,7,7.6,71.6,23,104,1,38,87.3,91.0,56.7,1,108,118.4,3.8,4,12,5,1,0.9,896,10.2,5.0
Grant Wilson,143041,DOMINION,3,65.1,88,9.2,3,3.3,55.7,45,108,5,30,43.3,41.1,57.8,3,114,73.9,11.1,12,8,4,8,7.0,517,5.9,1.33
Luke Kromenhoek,183305,FLORIDA ST,6,63.2,84,11.1,7,8.0,52.4,60,129,4,33,62.3,57.4,65.9,2,136,72.6,20.2,26,18,3,5,3.7,502,6.0,1.5
Devin Kargman,156913,KENT STATE,4,61.0,83,9.4,3,3.4,54.2,32,92,2,19,47.7,46.0,65.2,2,98,71.1,7.6,7,2,3,3,3.1,435,5.2,1.5
Drew Pyne,122910,MISSOURI,6,72.2,82,6.3,1,1.1,59.8,31,90,3,20,60.3,57.9,61.1,3,95,69.0,4.4,4,4,3,4,4.2,396,4.8,1.0
Grayson McCall,98002,NC STATE,4,76.6,80,8.6,1,1.2,66.3,25,94,6,30,70.1,77.9,43.8,2,100,86.4,4.3,4,10,3,3,3.0,518,6.5,1.5
John Busha,173849,AIR FORCE,6,51.4,80,14.9,4,4.8,36.3,38,94,8,17,58.4,53.3,62.1,5,97,31.8,7.4,7,7,1,5,5.2,410,5.1,0.2
Bishop Davenport,163426,S ALABAMA,6,72.0,80,7.9,2,2.4,60.0,29,92,6,27,63.4,59.0,65.4,1,97,90.8,2.2,2,9,3,3,3.1,604,7.6,3.0
T.J. Finley,124093,W KENTUCKY,3,77.5,77,7.0,1,1.3,64.9,18,85,5,26,66.9,67.7,56.9,2,87,76.5,2.4,2,5,1,3,3.4,496,6.4,0.5
Tony Muskett,142933,VIRGINIA,7,68.9,77,9.5,3,3.5,58.4,31,90,6,25,72.0,61.2,83.6,3,98,77.0,7.8,7,6,3,4,4.1,545,7.1,1.0
Jadyn Glasser,184670,C MICHIGAN,4,67.1,76,11.3,2,2.5,53.9,37,89,6,21,41.0,41.8,52.8,4,95,57.9,11.2,10,3,2,6,6.3,439,5.8,0.5
Ryan Browne,174949,PURDUE,8,67.1,76,9.1,4,5.0,56.6,48,102,4,29,67.0,57.1,73.4,2,107,84.9,9.8,10,16,4,5,4.7,531,7.0,2.0
Jack Turner,162969,LA TECH,6,63.0,76,7.7,4,5.2,52.6,19,83,6,21,59.5,56.7,64.5,2,84,69.6,4.8,4,2,2,5,6.0,471,6.2,1.0
Maealiuaki Smith,183921,OKLA STATE,4,65.3,75,8.3,2,2.4,58.7,17,79,3,21,53.9,51.7,62.5,4,86,64.7,5.1,4,0,2,5,5.8,487,6.5,0.5
Kasen Weisman,171910,FAU,5,67.2,74,9.8,4,5.1,52.7,39,83,4,28,57.7,59.2,55.8,3,88,61.5,1.2,1,8,2,5,5.7,416,5.6,0.67
Aaron Philo,183222,GA TECH,4,64.3,74,13.6,7,9.5,51.4,21,79,7,25,91.3,90.9,69.4,2,79,69.9,0.0,0,5,1,1,1.3,565,7.6,0.5
AJ Hairston,184157,UMASS,4,66.2,73,9.8,1,1.2,54.8,26,89,3,22,52.9,50.6,60.1,0,97,98.0,7.9,7,9,5,2,2.1,480,6.6,5
Cade McConnell,73935,UTEP,4,71.4,71,7.7,5,6.6,56.3,24,81,10,22,53.3,59.8,40.8,3,87,81.9,6.2,5,4,4,7,8.0,540,7.6,1.33
Micah Alejado,184162,HAWAII,3,77.3,70,9.5,2,2.8,70.0,15,82,2,31,79.3,86.4,52.5,0,84,123.8,3.7,3,9,6,0,0.0,585,8.4,6
Tyler Van Dyke,122225,WISCONSIN,3,73.0,68,7.1,2,2.8,63.2,19,74,3,22,72.9,77.5,52.6,0,79,85.5,5.4,4,2,1,1,1.3,422,6.2,1
John Alan Richter,156999,TOLEDO,5,73.8,68,10.1,4,5.5,63.2,28,81,5,21,70.9,77.0,44.4,0,86,104.8,6.2,5,8,4,1,1.2,497,7.3,4
Jacurri Brown,156344,UCF,6,58.1,68,12.1,3,4.4,51.5,26,87,1,24,65.3,48.9,78.2,4,87,49.8,5.7,5,14,1,4,4.6,398,5.9,0.25
Zach Pyron,156309,GA TECH,5,69.0,67,8.2,1,1.5,52.2,23,80,5,25,60.2,53.0,67.2,3,81,62.3,5.0,4,9,2,5,6.2,409,6.1,0.67
Mike Wright,124366,NWESTERN,3,67.8,66,9.5,2,2.9,57.6,20,72,2,24,62.2,57.9,65.8,1,76,66.1,0.0,0,6,0,4,5.3,354,5.4,0.0
Cameron Rising,77663,UTAH,3,62.9,66,10.1,1,1.4,51.5,21,74,5,26,49.9,46.9,64.9,3,78,96.5,4.1,3,5,7,4,5.1,555,8.4,2.33
Jase Bauer,145714,SM HOUSTON,7,77.2,65,7.2,2,2.9,61.5,30,81,4,17,68.8,71.1,60.4,1,84,76.7,4.9,4,12,2,1,1.2,304,4.7,2.0
Gunner Stockton,157072,GEORGIA,4,78.0,64,7.5,2,3.0,70.3,31,76,1,20,56.4,57.2,55.3,1,79,88.0,9.2,7,4,1,3,3.8,440,6.9,1.0
Tyriq Starks,156514,FAU,4,72.4,63,6.4,0,0.0,61.9,33,77,3,26,62.3,49.8,74.6,2,81,108.6,6.5,5,9,6,4,4.9,551,8.7,3.0
Goose Crowder,144781,TROY,4,83.1,63,8.5,5,7.7,68.3,26,77,6,29,84.5,85.7,63.4,0,83,121.6,3.9,3,11,5,2,2.4,547,8.7,5
MJ Morris,157404,MARYLAND,6,70.2,61,8.5,3,4.6,59.0,31,75,4,18,59.2,56.5,64.1,5,80,68.3,12.0,9,5,5,4,5.0,350,5.7,1.0
Trexler Ivey,122184,CHARLOTTE,4,63.0,59,7.4,2,3.1,57.6,11,63,0,17,55.5,52.8,63.4,2,69,76.0,3.2,2,2,3,3,4.3,326,5.5,1.5
William Watson III,174771,VA TECH,3,66.0,58,11.9,3,4.8,58.6,41,83,1,24,62.1,53.7,70.7,2,88,76.9,16.9,14,10,1,4,4.5,481,8.3,0.5
Tyler Jefferson,171233,C MICHIGAN,7,52.8,58,14.9,2,3.2,46.6,35,84,1,19,42.4,36.8,57.0,1,90,54.2,9.5,8,17,0,6,6.7,286,4.9,0.0
Will Hammond,184898,TEXAS TECH,4,69.8,56,9.1,3,5.3,60.7,12,66,3,23,61.5,61.4,58.6,2,68,85.4,4.5,3,6,2,4,5.9,480,8.6,1.0
Noah Kim,129623,COAST CAR,7,61.5,56,9.4,2,3.4,53.6,14,60,2,13,57.0,58.8,53.0,1,63,87.9,5.0,3,1,4,2,3.2,333,5.9,4.0
Nicco Marchiol,157363,W VIRGINIA,7,74.5,56,9.9,5,8.2,66.1,21,75,4,20,60.1,65.6,52.3,2,80,104.3,10.7,8,11,5,4,5.0,434,7.8,2.5
General Booty,71008,LA MONROE,5,73.9,55,6.7,0,0.0,52.7,17,60,5,12,46.9,42.9,64.0,2,63,66.2,8.3,5,0,2,3,4.8,306,5.6,1.0
Brendan Sullivan,145034,IOWA,6,82.4,54,5.8,2,3.5,70.4,32,81,4,24,59.1,56.0,59.9,3,84,92.7,9.9,8,19,3,5,6.0,474,8.8,1.0
Collin Schlee,98025,VA TECH,6,62.3,54,11.8,2,3.4,50.0,31,71,6,18,61.4,52.6,68.4,1,79,86.0,8.5,6,11,3,3,3.8,408,7.6,3.0
Preston Stone,124716,SMU,6,69.4,53,11.5,4,7.0,60.4,18,60,2,23,81.9,82.3,65.0,1,64,109.3,5.0,3,4,5,2,3.1,424,8.0,5.0
Cutter Boley,184630,KENTUCKY,4,57.1,53,13.2,2,3.5,49.1,26,61,2,14,46.4,51.7,35.2,4,66,50.7,11.5,7,1,2,6,9.1,338,6.4,0.5
JP Pickles,183996,UTEP,3,68.9,52,8.0,1,1.9,55.8,25,69,2,16,58.3,46.7,69.2,1,71,57.6,8.7,6,10,0,2,2.8,213,4.1,0.0
Aidan Warner,177520,FLORIDA,4,48.9,52,8.9,2,3.8,40.4,18,57,2,13,43.4,44.7,54.8,3,58,30.0,7.0,4,1,0,2,3.4,228,4.4,0.0
Tucker Kilcrease,156863,TROY,6,60.9,51,11.8,3,5.7,54.9,34,69,0,21,53.1,58.4,50.6,1,72,90.1,11.6,8,10,3,4,5.6,377,7.4,3.0
Jack Tuttle,83580,MICHIGAN,2,65.2,50,7.1,1,2.0,60.0,24,62,0,14,29.1,33.9,32.4,2,63,67.6,9.7,6,6,1,6,9.5,306,6.1,0.5
Zevi Eckhaus,148535,WASH STATE,2,79.6,50,9.2,2,3.8,74.0,7,52,2,21,76.5,69.9,75.7,2,56,109.1,1.9,1,1,4,4,7.1,424,8.5,2.0
Nick Poulos,188474,OHIO,5,58.5,49,10.8,2,3.6,44.9,24,60,2,21,66.1,63.5,64.6,1,66,67.6,5.0,3,8,2,2,3.0,271,5.5,2.0
Matthew Sluka,143059,UNLV,3,51.1,48,17.6,6,11.8,43.8,24,61,3,16,75.4,59.2,81.8,1,64,97.0,9.8,6,6,6,3,4.7,318,6.6,6.0
Elijah Brown,183276,STANFORD,3,70.2,48,8.2,2,3.8,58.3,30,61,5,13,33.4,39.5,39.6,3,66,62.3,13.1,8,5,2,4,6.1,274,5.7,0.67
Justin Lamson,144052,STANFORD,8,61.4,47,14.0,5,10.0,53.2,32,66,2,19,65.1,58.2,66.8,2,70,83.6,19.7,13,6,4,4,5.7,300,6.4,2.0
Drew Mestemaker,190616,N TEXAS,4,71.7,47,9.4,1,2.0,63.8,20,54,3,21,75.7,65.5,83.0,2,57,92.7,7.4,4,3,2,3,5.3,462,9.8,1.0
Alex Orji,158545,MICHIGAN,7,61.9,47,7.3,0,0.0,53.2,28,61,1,10,59.2,39.4,70.3,2,62,63.3,4.9,3,11,3,3,4.8,150,3.2,1.5
Michael Kern,97799,WAKE,5,62.8,45,11.4,5,10.4,53.3,19,51,3,14,65.3,65.4,56.7,3,54,52.8,7.8,4,2,1,4,7.4,288,6.4,0.33
Henry Belin IV,162693,DUKE,2,61.9,45,8.8,0,0.0,57.8,23,47,0,16,56.4,53.3,64.8,1,49,78.3,0.0,0,2,2,2,4.1,243,5.4,2.0
Hank Brown,172439,AUBURN,3,73.2,44,8.9,2,4.4,61.4,10,45,3,17,59.6,59.9,60.3,3,46,102.6,0.0,0,1,6,3,6.5,403,9.2,2.0
Quentin Hayes,186423,AIR FORCE,8,67.5,43,12.1,4,8.2,58.1,26,61,2,19,85.1,64.8,81.0,2,68,98.5,16.4,10,8,3,2,2.9,455,10.6,1.5
Dequan Finn,97804,BAYLOR,2,59.5,43,10.0,1,2.1,53.5,19,50,2,11,54.4,43.7,72.0,2,55,80.3,8.0,4,2,3,3,5.5,307,7.1,1.5
Ty Thompson,146568,TULANE,6,48.6,40,11.1,2,4.4,42.5,11,45,1,10,65.8,43.0,76.9,3,51,52.0,2.2,1,4,3,2,3.9,199,5.0,1.0
Eddie Lee Marburger,145511,UTSA,6,63.2,40,7.2,2,4.9,55.0,19,47,2,15,60.3,66.6,45.7,3,48,57.7,4.3,2,5,2,1,2.1,234,5.9,0.67
Drew Devillier,190639,RICE,3,61.8,39,5.9,0,0.0,51.3,13,44,1,5,53.8,51.5,63.5,0,46,59.5,4.5,2,3,0,2,4.3,137,3.5,0
Gavin Wimsatt,155757,KENTUCKY,6,52.8,39,15.9,6,14.0,41.0,15,44,3,10,68.9,57.5,71.2,4,49,53.0,6.8,3,2,3,5,10.2,287,7.4,0.75
Javance Tupou'ata-Johnson,175766,S DIEGO ST,3,59.0,39,10.9,1,2.3,51.3,21,51,3,11,55.6,53.6,60.1,2,56,64.3,9.8,5,7,2,5,8.9,222,5.7,1.0
Tayven Jackson,157615,INDIANA,4,73.5,37,9.6,2,5.1,62.2,10,40,2,16,79.3,75.1,70.1,1,42,118.0,2.5,1,2,4,2,4.8,349,9.4,4.0
Conner Harrell,156352,N CAROLINA,4,67.6,37,8.4,0,0.0,56.8,11,42,2,13,60.8,63.0,54.5,1,49,87.9,4.8,2,3,2,1,2.0,282,7.6,2.0
Braxton Woodson,175276,NAVY,3,61.8,36,8.3,0,0.0,50.0,8,42,3,12,58.5,56.0,60.7,2,43,67.2,4.8,2,4,2,0,0.0,243,6.8,1.0
Steve Angeli,156966,NOTRE DAME,8,82.9,36,8.0,2,5.4,66.7,16,43,5,16,82.3,75.6,78.3,0,45,116.4,11.6,5,2,3,0,0.0,268,7.4,3
Brandon Rose,158503,UTAH,2,60.0,36,9.1,1,2.6,52.8,8,39,2,9,65.3,54.4,77.3,2,42,59.6,2.6,1,2,2,2,4.8,157,4.4,1.0
Justyn Martin,162461,UCLA,3,75.8,35,3.8,0,0.0,68.6,22,41,1,11,67.7,67.5,60.0,0,42,90.1,7.3,3,3,1,1,2.4,179,5.1,1
Blake Baker,170448,LA TECH,2,72.7,35,7.7,0,0.0,54.3,16,43,5,12,65.5,65.7,60.3,3,45,58.5,9.3,4,4,1,1,2.2,314,9.0,0.33
Beau Pribula,164182,PENN STATE,7,82.4,35,8.2,3,7.9,74.3,9,40,2,19,91.4,92.6,76.4,1,43,124.4,2.5,1,4,5,0,0.0,275,7.9,5.0
Jackson Stratton,157206,IOWA,3,75.0,35,6.3,0,0.0,60.0,16,41,3,10,60.6,62.9,49.9,0,41,87.7,4.9,2,2,1,0,0.0,219,6.3,1
Christopher Vizzina,170032,CLEMSON,7,71.0,34,7.5,0,0.0,55.9,9,40,3,8,59.6,55.1,64.1,0,43,71.9,7.5,3,2,0,0,0.0,190,5.6,0
Harrison Bailey,124266,LOUISVILLE,3,80.6,33,7.9,1,3.0,72.7,7,35,1,13,76.3,77.9,61.7,0,35,121.7,0.0,0,2,3,0,0.0,227,6.9,3
Garret Rangel,157795,OKLA STATE,4,60.0,33,8.8,0,0.0,51.5,10,38,1,10,44.8,39.8,66.0,1,38,76.8,2.6,1,2,2,2,5.3,192,5.8,2.0
Austin Simmons,175891,OLE MISS,7,65.6,32,12.0,2,5.9,59.4,3,34,2,16,82.5,81.2,65.2,0,36,109.1,2.9,1,1,2,0,0.0,282,8.8,2
Robby Ashford,131702,S CAROLINA,6,83.3,32,9.5,3,8.1,71.9,17,47,2,15,77.2,74.5,68.4,0,52,125.0,12.8,6,9,2,2,3.8,324,10.1,2
John White,184784,SO MISS,3,62.1,31,10.7,1,2.9,54.8,14,39,1,8,38.9,51.3,27.3,3,43,40.5,12.8,5,3,0,2,4.7,240,7.7,0.0
Dexter Williams II,129457,GA SOUTHRN,4,73.3,31,12.2,3,9.4,61.3,6,35,3,13,66.2,73.2,53.4,0,36,118.8,2.9,1,3,3,0,0.0,248,8.0,3
Luke Bottari,73931,UTAH,3,71.4,31,8.6,1,2.9,61.3,11,33,1,10,57.1,61.2,52.4,0,37,86.9,6.1,2,0,1,0,0.0,171,5.5,1
CJ Harris,130594,CAL,2,69.0,31,9.7,1,2.9,61.3,10,39,1,10,58.3,53.8,64.0,1,43,64.4,10.3,4,4,0,4,9.3,184,5.9,0.0
Daniel Beale,197861,LA LAFAYET,3,63.0,30,10.3,1,3.1,43.3,14,37,4,7,44.7,50.4,44.4,2,39,27.9,5.4,2,5,0,2,5.1,126,4.2,0.0
Brandon Nunez,183978,NEW MEX ST,5,50.0,30,11.1,0,0.0,40.0,10,34,2,7,51.8,43.3,62.0,1,35,56.3,5.9,2,2,2,1,2.9,89,3.0,2.0
Tommy Schuster,108954,MICH STATE,4,75.9,29,6.6,0,0.0,69.0,15,36,2,10,62.2,57.7,69.5,0,36,88.6,16.7,6,1,0,2,5.6,202,7.0,0
Joshua Wood,163421,FRESNO ST,6,74.1,29,8.7,1,3.3,65.5,9,32,1,11,77.4,68.2,73.4,1,33,82.7,3.1,1,2,1,1,3.0,201,6.9,1.0
Ruel Tomlinson,188241,KENT STATE,4,59.3,29,8.3,0,0.0,34.5,22,52,6,5,37.6,39.3,48.9,2,52,14.6,21.2,11,11,0,2,3.8,70,2.4,0.0
Tahj Bullock,144070,AKRON,9,88.5,28,2.0,0,0.0,71.4,11,34,3,7,70.8,70.3,73.0,0,37,85.6,14.7,5,1,0,1,2.7,161,5.8,0
Gabarri Johnson,175905,OREGON ST,6,60.0,28,8.4,0,0.0,50.0,14,41,1,9,58.9,46.4,72.0,1,41,54.5,12.2,5,8,0,2,4.9,172,6.1,0.0
Malachi Singleton,172426,ARKANSAS,4,77.8,28,12.6,1,3.3,75.0,11,36,0,16,80.9,69.0,79.9,0,38,127.7,16.7,6,2,1,1,2.6,344,12.3,1
David Lynch,170120,PITTSBURGH,3,65.4,27,8.4,0,0.0,59.3,10,31,1,6,39.6,40.0,56.3,3,33,29.0,9.7,3,1,0,3,9.1,111,4.1,0.0
Gaston Moore,123756,TENNESSEE,5,70.4,27,13.1,2,5.9,59.3,6,28,3,8,70.0,74.1,46.8,2,35,76.3,0.0,0,1,2,2,5.7,201,7.4,1.0
Emory Williams,170099,MIAMI FL,2,81.8,26,8.6,2,7.7,61.5,4,26,2,8,76.2,75.2,,1,26,80.1,0.0,0,0,1,1,3.8,187,7.2,1.0
Tad Hudson,170107,COAST CAR,1,77.3,26,7.3,1,3.1,65.4,13,33,0,7,61.8,61.5,63.0,0,39,109.9,9.1,3,3,2,1,2.6,173,6.7,2
Chubba Purdy,122412,NEVADA,4,75.0,25,8.9,1,3.7,72.0,9,28,0,7,69.7,70.0,63.3,1,31,97.6,7.1,2,1,1,1,3.2,233,9.3,1.0
Jeff Sims,122496,ARIZONA ST,2,56.5,25,14.0,0,0.0,52.0,12,33,0,10,63.3,48.6,72.2,0,35,73.4,6.1,2,6,0,0,0.0,168,6.7,0
Ty Simpson,157008,ALABAMA,4,72.0,25,11.1,1,3.7,56.0,7,27,4,9,74.9,67.3,74.2,0,29,76.6,3.7,1,1,0,0,0.0,167,6.7,0
Quinn Henicle,190064,DOMINION,3,60.0,25,9.3,0,0.0,56.0,19,34,1,9,73.9,40.8,87.7,1,37,88.9,17.6,6,3,2,3,8.1,181,7.2,2.0
Chandler Rogers,98683,CAL,5,63.6,24,8.3,1,3.7,50.0,12,34,2,4,60.8,56.0,63.3,0,38,64.1,11.8,4,6,0,0,0.0,117,4.9,0
Billy Atkins,148354,JAMES MAD,2,82.6,24,12.3,2,8.3,66.7,4,24,3,7,83.7,86.1,62.4,0,24,103.0,0.0,0,0,1,0,0.0,181,7.5,1
RJ Martinez,147690,TEXAS ST,2,75.0,24,4.2,0,0.0,75.0,8,30,0,10,50.3,53.0,52.3,1,31,72.9,6.7,2,4,0,1,3.2,148,6.2,0.0
AJ Bianco,158232,NEVADA,3,69.6,24,12.1,1,3.8,66.7,7,28,0,11,74.7,74.3,65.0,0,30,101.6,7.1,2,2,1,2,6.7,173,7.2,1
Khalib Johnson,156331,KENNESAW,3,36.4,22,15.4,1,4.5,27.3,9,25,2,3,25.5,26.2,44.1,3,25,0.0,8.0,2,1,0,5,20.0,57,2.6,0.0
Timmy McClain,144488,ARK STATE,4,84.2,21,8.5,0,0.0,66.7,13,29,2,10,61.2,67.6,54.0,0,31,129.6,13.8,4,4,3,0,0.0,163,7.8,3
Devin Brown,156479,OHIO STATE,6,60.0,20,7.6,0,0.0,55.0,5,25,1,8,66.9,65.9,61.2,0,25,88.3,8.0,2,3,1,0,0.0,114,5.7,1
Ryan Burger,157544,LIBERTY,5,56.3,19,8.3,1,5.0,42.1,13,26,1,5,44.0,51.9,48.2,0,27,56.5,11.5,3,4,0,1,3.7,88,4.6,0
Deuce Hogan,129470,NEW MEX ST,2,53.3,19,12.9,1,4.8,31.6,8,22,2,2,56.1,57.0,57.8,2,24,1.3,9.1,2,1,0,1,4.2,31,1.6,0.0
Max Johnson,124099,N CAROLINA,1,72.2,19,4.4,0,0.0,63.2,8,24,1,7,47.0,42.8,62.3,1,28,48.4,8.3,2,3,0,1,3.6,71,3.7,0.0
EJ Caminong,188167,CAL,1,37.5,19,7.5,1,5.3,31.6,7,27,0,5,33.9,28.9,61.6,0,27,40.9,7.4,2,5,0,2,7.4,57,3.0,0
Logan Smothers,129713,JVILLE ST,2,66.7,19,7.7,0,0.0,57.9,5,23,1,5,58.7,49.5,63.8,0,24,77.3,8.7,2,2,0,1,4.2,123,6.5,0
Heinrich Haarberg,144993,NEBRASKA,5,55.6,18,11.4,0,0.0,55.6,5,20,0,6,69.6,53.7,75.4,1,24,48.6,5.0,1,1,0,1,4.2,101,5.6,0.0
Henry Hesson,145798,MIAMI OH,5,46.7,18,11.3,0,0.0,38.9,10,25,0,7,36.7,38.2,47.2,0,26,74.5,8.0,2,5,1,1,3.8,93,5.2,1
Malachi Nelson,174203,BOISE ST,3,76.5,17,6.4,1,5.6,70.6,3,19,1,7,80.4,80.1,60.0,1,20,67.8,10.5,2,0,0,0,0.0,128,7.5,0.0
Dewayne Coleman,163179,ARMY,6,68.8,16,10.5,1,5.6,68.8,9,18,0,6,72.9,74.6,65.1,0,20,111.7,11.1,2,0,1,0,0.0,121,7.6,1
Ryan Hilinski,71295,NWESTERN,3,71.4,16,12.4,1,5.9,56.3,4,16,1,6,44.6,52.9,46.5,1,17,54.4,0.0,0,0,0,2,11.8,121,7.6,0.0
EJ Colson,190335,UCF,2,62.5,16,9.7,0,0.0,56.3,12,26,1,5,38.0,30.0,62.0,1,28,60.4,19.2,5,5,1,1,3.6,64,4.0,1.0
Brad Jackson,184354,TEXAS ST,2,61.5,15,7.3,0,0.0,53.3,6,18,0,5,74.1,45.6,80.1,0,19,101.5,0.0,0,3,1,1,5.3,118,7.9,1
Josh Johnson,186429,AIR FORCE,5,57.1,14,19.8,2,13.3,42.9,10,19,2,7,48.8,47.9,55.9,3,20,59.5,5.3,1,4,1,3,15.0,126,9.0,0.33
Israel Carter,175310,USF,3,83.3,14,13.8,1,6.7,71.4,7,18,0,8,60.0,70.3,50.0,0,19,153.3,0.0,0,4,4,0,0.0,203,14.5,4
Julian Dugger,183269,PITTSBURGH,1,66.7,13,9.3,1,6.3,53.8,9,19,1,6,80.2,50.4,87.0,1,23,77.6,15.8,3,3,2,2,8.7,72,5.5,2.0
Ui Ale,173036,HOUSTON,2,84.6,13,7.2,0,0.0,76.9,3,14,1,6,73.6,77.1,55.5,0,14,127.7,7.1,1,0,1,0,0.0,112,8.6,1
Ryan Boe,190878,NWESTERN,1,40.0,13,11.3,0,0.0,30.8,6,14,0,3,26.7,26.8,,1,14,9.1,7.1,1,0,0,2,14.3,42,3.2,0.0
Ken Seals,124359,TCU,5,100.0,13,0.0,0,0.0,76.9,3,14,0,5,51.4,67.6,42.3,0,14,122.9,0.0,0,1,1,0,0.0,97,7.5,1
Lucian Anderson III,173364,BOWL GREEN,4,54.5,12,6.8,0,0.0,41.7,7,16,1,3,66.2,47.6,72.2,1,17,42.4,12.5,2,2,1,0,0.0,32,2.7,1.0
Chayden Peery,143925,FIU,1,70.0,12,7.1,1,7.1,58.3,7,14,0,2,71.1,60.8,70.7,0,16,98.6,7.1,1,1,1,0,0.0,58,4.8,1
Jeremiah Salem,157478,E MICHIGAN,3,75.0,12,5.6,0,0.0,75.0,5,15,0,2,54.4,51.0,61.8,1,16,102.1,13.3,2,1,1,1,6.3,128,10.7,1.0
Michael Merdinger,183334,N CAROLINA,1,75.0,12,7.4,0,0.0,75.0,8,16,0,2,47.1,49.2,60.0,1,17,59.7,25.0,4,0,0,1,5.9,86,7.2,0.0
Julian Sayin,183708,OHIO STATE,4,54.5,12,10.2,0,0.0,41.7,2,14,1,4,58.3,55.4,62.5,0,14,93.8,0.0,0,2,1,0,0.0,84,7.0,1
Amari Jones,156543,FIU,3,63.6,12,6.8,1,7.1,58.3,6,16,0,4,55.7,57.7,55.7,1,19,78.1,6.3,1,3,1,1,5.3,99,8.3,1.0
Will Perry,184159,UMASS,1,80.0,11,10.3,0,0.0,63.6,4,12,1,5,65.7,72.4,57.3,0,12,112.7,0.0,0,1,1,0,0.0,72,6.5,1
Braden Bohannon,160367,KENNESAW,1,60.0,11,10.4,0,0.0,45.5,2,13,1,2,32.0,46.4,36.7,0,13,59.3,0.0,0,1,0,1,7.7,51,4.6,0
Gunnar Gray,171202,BUFFALO,1,44.4,11,7.9,0,0.0,36.4,2,11,0,2,43.1,45.1,60.0,1,11,10.0,0.0,0,0,0,1,9.1,41,3.7,0.0
Cardell Williams,156190,TULSA,5,55.6,11,12.1,0,0.0,45.5,6,15,0,3,70.1,52.7,74.9,0,16,54.0,6.7,1,2,0,0,0.0,37,3.4,0
Roman Gagliano,183961,MIDDLE TN,2,60.0,10,5.8,1,10.0,50.0,2,12,1,1,55.9,47.6,64.3,0,12,61.2,8.3,1,1,0,1,8.3,42,4.2,0
Connor Moberly,184835,IOWA STATE,2,60.0,10,9.2,0,0.0,50.0,2,14,1,2,61.7,54.5,67.1,1,15,24.6,7.1,1,2,0,0,0.0,49,4.9,0.0
Jayden Mandal,173516,FRESNO ST,4,50.0,9,12.9,0,0.0,44.4,5,11,0,3,39.8,35.9,60.0,2,13,17.6,9.1,1,1,0,2,15.4,39,4.3,0.0
Cameran Brown,184894,TEXAS TECH,2,44.4,9,5.1,0,0.0,44.4,0,9,0,0,42.7,27.6,69.0,1,9,12.0,0.0,0,0,0,1,11.1,11,1.2,0.0
Nate Hampton,147548,LIBERTY,1,25.0,9,17.5,1,11.1,22.2,4,10,0,2,43.9,44.8,57.0,1,10,43.1,0.0,0,1,1,1,10.0,40,4.4,1.0
Ahmad Haston,173396,UMASS,3,88.9,9,3.7,0,0.0,88.9,2,12,0,2,83.3,70.6,75.0,0,12,84.7,0.0,0,3,0,0,0.0,39,4.3,0
Tim Carpenter,190715,TULSA,4,62.5,9,16.0,1,10.0,44.4,2,11,1,4,80.6,61.5,78.4,0,13,100.0,0.0,0,2,2,1,7.7,46,5.1,2
Jake Merklinger,184888,TENNESSEE,2,87.5,9,4.6,0,0.0,66.7,5,12,1,4,64.9,64.8,60.2,0,12,79.9,16.7,2,1,0,0,0.0,48,5.3,0
Dante Moore,173983,OREGON,4,100.0,8,0.4,0,0.0,87.5,2,9,0,4,58.4,57.7,59.3,0,11,92.2,0.0,0,1,0,0,0.0,49,6.1,0
Lex Thomas,170381,NC STATE,2,62.5,8,7.9,0,0.0,62.5,2,8,0,3,60.7,54.1,64.7,1,8,88.0,0.0,0,0,1,1,12.5,65,8.1,1.0
Cameron Edge,162791,MARYLAND,2,71.4,8,6.9,0,0.0,62.5,1,8,0,4,65.3,64.4,,0,8,128.6,0.0,0,0,1,0,0.0,67,8.4,1
Ta'Quan Roberson,101625,KANSAS ST,3,57.1,7,6.6,0,0.0,42.9,3,7,1,1,54.4,53.7,58.2,0,7,50.3,0.0,0,0,0,0,0.0,18,2.6,0
John-Keawe Sagapolutele,175709,HAWAII,2,57.1,7,11.9,1,14.3,57.1,2,8,0,2,53.9,45.6,66.1,2,8,35.1,12.5,1,0,0,1,12.5,42,6.0,0.0
Reese Poffenbarger,145346,MIAMI FL,1,85.7,7,3.3,0,0.0,85.7,2,10,0,3,61.2,43.6,74.9,0,10,79.2,20.0,2,1,0,1,10.0,20,2.9,0
Cole Pennington,156787,MARSHALL,2,71.4,7,6.6,0,0.0,71.4,2,8,0,3,52.9,48.5,61.4,0,10,135.1,0.0,0,1,1,1,10.0,57,8.1,1
JD Sherrod,172365,KENT STATE,2,33.3,7,15.8,0,0.0,28.6,5,9,0,1,57.1,32.6,68.3,0,9,39.6,11.1,1,1,0,1,11.1,18,2.6,0
Jalen Macon,153929,N ILLINOIS,1,85.7,7,4.7,0,0.0,57.1,4,9,2,5,79.1,75.2,68.3,0,9,79.5,0.0,0,2,0,0,0.0,50,7.1,0
Davis Beville,99588,S CAROLINA,3,85.7,7,10.9,0,0.0,71.4,5,9,1,3,69.3,60.8,69.3,0,9,128.6,22.2,2,0,1,0,0.0,46,6.6,1
Kyle Lowe,156595,GA STATE,2,66.7,7,14.2,0,0.0,42.9,5,8,1,2,60.1,59.5,60.0,0,9,89.9,12.5,1,0,1,1,11.1,18,2.6,1
Broc Lowry,173383,W MICHIGAN,5,60.0,6,2.6,0,0.0,50.0,2,9,0,2,81.1,55.5,76.4,0,9,56.3,11.1,1,2,0,0,0.0,16,2.7,0
Miles O'Neill,191260,TEXAS A&M,1,83.3,6,7.5,0,0.0,83.3,1,6,0,4,89.0,88.5,,0,6,141.7,0.0,0,0,1,0,0.0,51,8.5,1
Cameron Friel,146195,UNLV,4,100.0,6,8.3,0,0.0,83.3,2,6,1,4,63.5,61.2,61.4,0,6,111.1,0.0,0,0,0,0,0.0,64,10.7,0
Haden Carlson,123620,FIU,1,66.7,6,5.0,0,0.0,66.7,1,6,0,2,27.4,27.6,,2,6,43.8,0.0,0,0,0,2,33.3,37,6.2,0.0
Aidan Leffler,163088,BALL ST,2,66.7,6,10.3,0,0.0,33.3,2,6,0,0,56.3,55.1,,0,6,42.4,0.0,0,0,0,0,0.0,6,1.0,0
Bert Emanuel Jr.,158581,C MICHIGAN,3,66.7,6,14.2,2,33.3,66.7,4,10,0,3,65.6,61.7,62.3,0,10,149.3,20.0,2,2,2,1,10.0,99,16.5,2
Jackson Brousseau,173480,COLO STATE,1,80.0,6,2.8,0,0.0,50.0,2,7,1,2,44.4,46.3,57.3,1,7,16.7,0.0,0,1,0,1,14.3,15,2.5,0.0
Dylan Lonergan,172386,ALABAMA,2,83.3,6,3.0,0,0.0,83.3,3,7,0,2,67.5,60.8,65.4,0,7,82.6,0.0,0,1,0,0,0.0,23,3.8,0
Cole Ballard,173062,KANSAS,1,83.3,6,7.3,0,0.0,83.3,0,7,0,5,66.7,62.9,64.1,0,8,141.7,0.0,0,1,1,0,0.0,51,8.5,1
Brady Lichtenberg,144226,CINCINNATI,2,60.0,5,9.8,0,0.0,60.0,3,9,0,1,41.8,44.3,51.4,0,10,72.9,33.3,3,1,0,0,0.0,25,5.0,0
Drake Lindsey,184727,MINNESOTA,2,100.0,5,9.0,0,0.0,80.0,0,6,0,4,71.5,78.1,57.3,0,6,147.9,0.0,0,1,1,0,0.0,50,10.0,1
Kiael Kelly,145634,BALL ST,5,75.0,5,-0.8,0,0.0,60.0,2,6,0,0,55.9,49.6,57.4,0,6,64.6,16.7,1,0,0,0,0.0,13,2.6,0
Harrison Barker,121479,UAB,3,100.0,5,0.2,0,0.0,100.0,0,5,0,4,55.7,64.0,52.9,0,6,153.8,0.0,0,0,1,0,0.0,57,11.4,1
Donovan Leary,158213,ILLINOIS,2,75.0,5,6.3,0,0.0,40.0,1,5,1,2,71.1,70.5,,0,6,59.6,0.0,0,0,0,0,0.0,29,5.8,0
Trent Pearman,156233,CLEMSON,3,40.0,5,6.8,0,0.0,40.0,2,5,0,0,67.2,57.7,67.9,1,5,8.3,0.0,0,0,0,0,0.0,8,1.6,0.0
Cole Tannenbaum,158746,ARIZONA,2,20.0,5,9.2,0,0.0,20.0,1,5,0,0,43.0,42.4,60.0,1,5,0.0,0.0,0,0,0,0,0.0,3,0.6,0.0
Landry Lyddy,156581,UAB,2,60.0,5,7.8,0,0.0,20.0,2,6,2,1,65.6,58.0,64.9,0,6,39.6,0.0,0,1,0,0,0.0,0,0.0,0
Walker White,184413,AUBURN,1,40.0,5,10.0,0,0.0,40.0,0,6,0,1,31.4,36.2,47.6,0,6,50.4,0.0,0,1,0,1,16.7,18,3.6,0
Rickie Collins,172474,LSU,3,100.0,5,2.6,0,0.0,100.0,2,8,0,4,65.8,73.0,56.7,0,8,95.8,0.0,0,3,0,0,0.0,35,7.0,0
Tucker McDonald,171056,UCONN,2,80.0,5,3.0,0,0.0,60.0,0,5,1,1,63.2,62.2,60.4,0,5,68.8,0.0,0,0,0,0,0.0,20,4.0,0
Gerry Bohanon,77636,BYU,2,75.0,4,9.0,0,0.0,75.0,2,4,0,2,64.8,41.1,70.8,1,4,53.1,0.0,0,0,0,1,25.0,27,6.8,0.0
Pierce Clarkson,174699,LOUISVILLE,1,100.0,4,0.3,0,0.0,75.0,4,5,0,0,67.8,59.0,67.0,0,5,77.1,20.0,1,0,0,0,0.0,11,2.8,0
Ryan Staub,171906,COLORADO,3,0.0,4,10.3,0,0.0,0.0,4,7,0,0,33.1,33.9,52.6,0,7,39.6,14.3,1,2,0,0,0.0,0,0.0,0
Jacob Conover,70963,UTAH ST,1,66.7,4,-0.7,0,0.0,50.0,4,6,0,1,32.6,47.1,44.6,0,6,66.7,16.7,1,1,0,0,0.0,22,5.5,0
Cole Welliver,184039,UCONN,1,75.0,4,3.3,0,0.0,50.0,0,4,1,1,55.2,54.7,,0,4,56.3,0.0,0,0,0,0,0.0,10,2.5,0
AJ Swann,157186,LSU,2,50.0,4,6.8,0,0.0,50.0,0,4,0,0,40.7,47.6,,0,4,56.3,0.0,0,0,0,0,0.0,10,2.5,0
Trey Owens,184514,TEXAS,1,100.0,4,4.7,0,0.0,50.0,1,5,1,1,72.6,78.3,57.3,0,5,63.5,0.0,0,1,0,0,0.0,19,4.8,0
KJ Jackson,184386,ARKANSAS,1,100.0,4,7.8,0,0.0,100.0,3,5,0,4,82.4,89.5,57.0,0,5,118.8,0.0,0,1,0,0,0.0,59,14.8,0
Lucas Scheerhorn,190304,KENNESAW,1,33.3,4,6.7,0,0.0,25.0,1,4,0,0,27.1,27.2,,1,4,0.0,0.0,0,0,0,1,25.0,1,0.3,0.0
Xavier Ward,146492,S JOSE ST,1,66.7,3,16.3,0,0.0,33.3,0,3,1,1,35.0,35.5,,1,3,12.5,0.0,0,0,0,1,33.3,16,5.3,0.0
Nate Johnson,158489,VANDERBILT,3,50.0,3,9.5,0,0.0,33.3,2,3,0,1,62.5,35.1,71.8,0,4,46.5,0.0,0,0,0,1,25.0,12,4.0,0
Stephen Kittleman,126906,TULSA,2,100.0,3,9.7,0,0.0,100.0,0,3,0,2,75.5,75.7,62.2,0,3,118.8,0.0,0,0,0,0,0.0,51,17.0,0
Austin Mack,171934,ALABAMA,1,66.7,3,21.3,1,33.3,66.7,0,3,0,2,76.6,76.2,,0,3,149.3,0.0,0,0,1,0,0.0,39,13.0,1
Jacobe Robinson,174006,BOSTON COL,1,100.0,3,6.3,0,0.0,66.7,3,6,1,1,65.5,74.1,55.0,0,6,89.6,33.3,2,1,0,0,0.0,23,7.7,0
Christian Gelov,123074,PURDUE,1,66.7,3,14.0,1,33.3,33.3,1,3,1,1,92.0,90.8,61.4,0,3,66.0,0.0,0,0,0,0,0.0,26,8.7,0
Keldric Luster,175287,SMU,3,33.3,3,23.3,0,0.0,33.3,3,6,0,2,65.0,48.1,66.0,0,7,42.4,16.7,1,2,0,1,14.3,0,0.0,0
Navy Shuler,122254,TENNESSEE,1,66.7,3,1.0,0,0.0,33.3,1,4,1,1,55.4,46.3,63.5,0,4,43.8,25.0,1,0,0,0,0.0,10,3.3,0
Jaxon Potter,176687,WASH STATE,1,100.0,3,7.7,1,25.0,100.0,0,3,0,1,80.9,81.3,60.1,0,4,106.9,0.0,0,0,0,0,0.0,29,9.7,0
Jalyn Gramstad,180656,NEBRASKA,1,33.3,3,7.7,0,0.0,33.3,1,4,0,1,47.3,52.0,56.2,0,4,45.1,0.0,0,1,0,0,0.0,11,3.7,0
Michael Johnson Jr.,97796,SYRACUSE,1,66.7,3,21.7,1,33.3,66.7,4,7,0,2,62.7,71.6,52.9,0,7,100.7,28.6,2,2,0,0,0.0,31,10.3,0
Trenton Bourguet,97285,ARIZONA ST,1,66.7,3,4.3,0,0.0,66.7,1,3,0,2,65.2,62.9,62.0,0,3,149.3,0.0,0,0,1,0,0.0,71,23.7,1
Holden Geriner,157045,AUBURN,2,100.0,2,9.0,0,0.0,100.0,0,3,0,1,69.0,74.2,57.6,0,3,118.8,0.0,0,1,0,0,0.0,33,16.5,0
Nate Bennett,184815,BAYLOR,2,100.0,2,14.0,0,0.0,50.0,2,2,0,1,72.6,71.9,60.0,0,2,83.3,0.0,0,0,0,0,0.0,19,9.5,0
Hunter Herring,147138,LA MONROE,2,50.0,2,22.0,0,0.0,50.0,1,2,0,1,91.1,74.1,82.8,0,2,83.3,0.0,0,0,0,0,0.0,19,9.5,0
Jacob Knuth,157493,KANSAS ST,2,100.0,2,3.5,0,0.0,100.0,1,5,0,1,37.5,62.6,42.0,0,5,104.2,0.0,0,3,0,1,20.0,18,9.0,0
Max Cutforth,176220,BOISE ST,1,100.0,2,4.5,0,0.0,100.0,0,2,0,1,63.2,62.3,,0,2,93.8,0.0,0,0,0,0,0.0,13,6.5,0
D'Wanye Winfield,176367,LA LAFAYET,1,100.0,2,-4.0,0,0.0,50.0,1,2,0,0,83.3,58.9,76.0,0,2,56.3,0.0,0,0,0,0,0.0,6,3.0,0
Shay Smith,188323,UTEP,1,100.0,2,0.5,0,0.0,100.0,1,3,0,1,37.6,60.2,43.5,0,3,95.8,33.3,1,0,0,0,0.0,14,7.0,0
Brayden Roggow,184145,AKRON,1,50.0,2,-1.0,0,0.0,50.0,0,2,0,0,54.8,54.6,,1,2,22.9,0.0,0,0,0,0,0.0,9,4.5,0.0
Chris Parson,172551,MISS STATE,1,0.0,2,23.5,0,0.0,0.0,0,2,0,0,69.0,38.0,74.3,0,2,39.6,0.0,0,0,0,0,0.0,0,0.0,0
Austin Novosad,174133,OREGON,1,100.0,2,2.5,0,0.0,100.0,1,2,0,1,72.8,72.1,60.1,0,2,81.3,0.0,0,0,0,0,0.0,7,3.5,0
Champ Long,170197,MARYLAND,1,50.0,2,8.0,0,0.0,50.0,3,3,0,1,47.5,47.2,,0,3,64.6,33.3,1,0,0,0,0.0,10,5.0,0
Ethan Grunkemeyer,183606,PENN STATE,1,100.0,2,4.5,0,0.0,50.0,1,2,1,1,63.8,62.7,,1,2,22.9,0.0,0,0,0,0,0.0,9,4.5,0.0
Walker Howard,157112,OLE MISS,1,50.0,2,13.5,0,0.0,0.0,0,2,1,0,63.3,63.1,,0,2,39.6,0.0,0,0,0,0,0.0,0,0.0,0
Baron May,76359,BOWL GREEN,1,100.0,1,32.0,1,100.0,100.0,0,1,0,1,74.2,89.4,,0,1,158.3,0.0,0,0,1,0,0.0,43,43.0,1
Alessio Milivojevic,183542,MICH STATE,1,0.0,1,11.0,0,0.0,0.0,0,1,0,0,26.4,26.9,,1,1,0.0,0.0,0,0,0,1,100.0,0,0.0,0.0
Mabrey Mettauer,183668,WISCONSIN,1,100.0,1,-2.0,0,0.0,100.0,1,2,0,0,58.3,60.6,57.8,0,2,79.2,0.0,0,1,0,0,0.0,2,2.0,0
Dylan Morris,100570,JAMES MAD,1,100.0,1,5.0,0,0.0,100.0,0,1,0,1,58.2,56.1,60.0,0,1,91.7,0.0,0,0,0,0,0.0,6,6.0,0
JC Evans,184302,JAMES MAD,1,100.0,1,9.0,0,0.0,100.0,0,1,0,1,77.4,74.4,68.7,0,1,118.8,0.0,0,0,1,0,0.0,1,1.0,1
Carson Cruver,169906,FAU,1,100.0,1,5.0,0,0.0,100.0,0,1,0,1,73.1,71.8,,0,1,104.2,0.0,0,0,0,0,0.0,9,9.0,0
Harris Boyd,169933,MEMPHIS,1,100.0,1,4.0,0,0.0,100.0,0,1,0,1,69.8,60.6,63.2,0,1,118.8,0.0,0,0,0,0,0.0,14,14.0,0
Alberto Mendoza,188673,INDIANA,1,100.0,1,-1.0,0,0.0,100.0,0,2,0,0,52.7,61.0,53.6,0,2,91.7,0.0,0,1,0,0,0.0,6,6.0,0
Trace Campbell,163649,UAB,1,0.0,1,24.0,0,0.0,0.0,1,1,0,0,68.1,50.4,70.2,0,1,39.6,0.0,0,0,0,0,0.0,0,0.0,0
Kenny Minchey,171091,NOTRE DAME,1,100.0,1,-4.0,0,0.0,100.0,0,1,0,0,67.0,51.8,68.6,0,2,83.3,0.0,0,0,0,0,0.0,4,4.0,0
Billy Wiles,144144,APP STATE,1,100.0,1,-2.0,0,0.0,0.0,0,1,1,0,62.0,60.4,,1,1,0.0,0.0,0,0,0,0,0.0,0,0.0,0.0
Holman Edwards,144246,HOUSTON,1,0.0,1,10.0,0,0.0,0.0,0,1,0,0,53.0,49.6,,0,1,39.6,0.0,0,0,0,0,0.0,0,0.0,0
Kai Horton,144418,TULANE,1,100.0,1,5.0,0,0.0,100.0,0,1,0,1,56.4,56.1,,0,1,104.2,0.0,0,0,0,0,0.0,9,9.0,0
Zion Turner,158636,JVILLE ST,1,0.0,1,16.0,0,0.0,0.0,1,1,0,0,45.5,48.5,59.4,0,1,39.6,0.0,0,0,0,0,0.0,0,0.0,0
