accuracy_percent,avg_depth_of_target,avg_time_to_throw,btt_rate,completion_percent,sack_percent,twp_rate,ypa,td_int_ratio,comp_pct_diff,ypa_diff,designed_run_rate,scramble_rate,elusive_rating,ypa_rushing,breakaway_percent,YAC_per_rush_attempt,pct_total_yards_rushing,qb_rush_attempt_rate,grades_offense,grades_pass,grades_run,pa_rate,pa_ypa,screen_rate,deep_attempt_rate,deep_accuracy_percent,deep_twp_rate,pressure_rate,pressure_sack_percent,pressure_twp_rate,pressure_accuracy_percent,quick_throw_rate
0.8603735066623781,-0.4426238627008633,-1.6364296671349432,0.9667297080699702,0.8854878026431371,-0.5118983353607891,-0.03985967677801209,0.6642124846465293,0.3200042429195429,-0.3367367140445353,0.5556469607523526,-1.0961710741329798,-1.4589511424854786,-0.9756793018953834,-1.1487388743964921,0.2418623339067794,-0.8874385540718173,-1.1341202264255907,-1.298777589527856,1.7869138059896936,1.8117341074911562,1.0969169427057799,-0.8364578140648725,1.012240038300902,-0.5358794035343175,-0.5232542964259633,1.7478182647173495,-0.2235708078796351,-0.8082557114249185,-0.10048860989081067,-0.13621737517403942,2.258773419809075,2.1350431410626003
0.08937912199297866,0.025342728565299833,-0.5181137049527056,0.3386632735276965,0.5628318872582205,-1.1734506655267265,-0.35260483303626183,0.36025083913032174,0.046257261352068216,-0.32508044317376295,-0.8312236812481866,-1.4007367660379666,-1.4589511424854786,-0.9756793018953834,-0.702978245962201,-1.1396356168632087,-1.4628236604645533,-1.234828522794201,-1.625250159951342,1.1754907660334746,1.171106764006565,0.4149128995803087,-0.608941288639227,-0.41109792365130593,-0.3373574937504176,0.24653327427761754,-0.04130239155377067,-0.745141332996547,-0.6515217141524057,-1.303730486583384,0.3522496186141168,0.8359150288122941,-0.3816101762145793
0.4748763143276769,-0.7100333434243856,-1.4643810575684448,0.46427656043615134,0.34772794366827536,-1.1734506655267265,0.19469919041567513,0.05628919361411415,0.15308535171986326,0.38465693873548845,-0.2681779077864292,-0.9946491768313177,-0.2871951067884802,0.9978399695150119,0.5706235495643448,0.21969926517784905,-0.657284511514723,-0.7312870409511499,-0.8634808289632074,0.6048292620743372,0.6028083141412024,0.3596152744620278,-0.15390823778793672,-0.13998593089850483,1.8463835138724785,-0.010062582623576328,0.01604121922414985,-0.2018387026664303,-1.4351917005149695,-1.136613559264971,1.0035389436649915,0.561328321777827,1.3800471458794472
0.5560336179770886,-0.04150964161558045,-0.5181137049527056,0.7783097777072882,0.3118772864032854,-0.47514542812934824,-0.9780951455527617,0.05628919361411415,2.4365357833314807,0.7006713934542063,1.2194482936756876,-0.18247399841801992,-0.5801341157127297,-0.5159979304460269,0.6979837291169995,0.18276081729629856,0.4806993655731324,-0.026328966370878393,-0.21053568811623505,1.6646291979984496,1.8323995056680786,0.1752898574010898,0.3011248130633536,0.944462040112702,-0.3373574937504176,0.24653327427761754,1.3120068228051531,-0.13664238702681636,-0.18131972233486804,-0.43472246452763663,-0.9503290314876329,0.44899739617281803,0.24755315310471634
2.1994690168776505,-0.9105904539670276,0.9012873239709052,0.5270832038903784,2.247812778712788,0.517183067119558,-1.7599580361983862,1.2721357756789444,0.9008819842944281,0.4079694804770332,-2.1410459542486957,-0.6900834849263311,0.0057439021357696615,-0.9756793018953834,-0.0024972584226010614,-1.1396356168632087,0.42955402278266697,-0.7312870409511499,-0.6458324486808834,1.8378657259860454,2.12171508014499,0.1752898574010898,-0.4951830259264043,-0.8177659127805078,1.6478616040885792,0.24653327427761754,1.0826323796934711,-1.6578897519511429,0.6023502640276953,0.33401540113706335,-1.0724457799346718,1.2727575172762184,-0.12994484448686106
0.5560336179770886,-0.24206675215822246,0.2130928857049116,1.092342994978425,0.7241598449506801,-0.8426745004437578,-1.212654012746449,-0.04503135489128898,1.2146894997498257,1.550284025812726,0.6741829130600911,-0.5885615876246688,-0.5801341157127297,-0.6680729706247613,-0.4482578868568922,0.16798543814367842,-0.91301122546705,-0.6305787445825398,-0.5370082585397212,0.8901600140539058,0.9644527822373423,0.10155969057671353,-1.7465239157674535,0.8089060437363005,-0.5358794035343175,0.7597249880800045,0.474790105447514,-0.9841944903417982,-0.8082557114249185,-0.7021095482370974,-0.21762854080539884,0.4614786101289304,-1.0107735055338742
1.1647133953476676,-0.7768857136052659,-1.4643810575684448,-0.4778230913772594,0.9571891171731197,-1.0631919438324036,-0.11804596584257461,0.9681741301627378,0.06628752829602994,0.06087163676958911,-0.6356393599404181,-1.0961710741329798,-1.166012133561229,-0.9756793018953834,-1.7218596823834378,-1.1396356168632087,-1.4628236604645533,-1.234828522794201,-1.1899533993866938,1.0735869260407713,1.4810877366603994,-1.0781229786132895,0.6423996012018218,0.19890406004249697,0.4567301453851812,-0.7798501533271572,1.6790059317838448,0.2545355068108678,-1.121723705969944,-0.9694966319465581,0.31154403579843726,0.4864410380411541,1.0025491482878697
0.39371901067826814,-0.7100333434243856,-0.6471501621275785,-0.22659651756035004,0.3118772864032854,-0.4016396136664662,-1.2908403018110115,-0.04503135489128898,0.09967130653596575,1.3042071963186428,0.11113713959833375,-0.5885615876246688,0.29868291106001915,-0.5989479523617002,1.716865165538236,-0.3491528321980284,-0.5038484831433266,-0.1270372627394887,-0.42818406839855905,0.8595888620560952,0.7577988004681195,0.7743474628491384,-0.8364578140648725,0.19890406004249697,1.2508177845207795,-0.2666584395247695,0.623883493470107,0.05894655989202571,-0.6515217141524057,-0.1172003026226522,-0.6246843689621955,0.9232835265050793,1.1283818141517288
0.6574802475388518,-0.7100333434243856,-0.3030529429945817,-0.1637898741061226,0.41942925819825794,-0.5854041498236711,-0.5871637002299493,-0.24767245190209433,0.687225803558838,-1.138429121712102,0.6919633059062518,-1.0961710741329798,-0.8730731246369794,-0.9756793018953834,-0.3845777970805646,1.0545081873008901,-1.3605329748836223,-0.9327036336883704,-1.1899533993866938,0.6150196460736069,0.8197949949988872,-0.48828164401828733,-0.15390823778793672,0.4700160527952987,0.4567301453851812,-0.2666584395247695,-0.08717728017610692,-0.18010659745322571,-0.9649897086974314,-0.18404707355001715,-0.3397452892524378,-0.6743118598772732,0.7508838165601515
-0.3366967221664283,0.22589983910794187,-0.4320894001694564,0.21304998661924165,-0.33343454436654896,-1.0264390366009626,0.03832661228655043,0.2589302906249186,0.2866204646796068,-1.402637928116276,-0.5289570028634536,-0.2839958957196822,0.0057439021357696615,-0.9756793018953834,-0.2572176175279099,-0.245725178129687,-0.5422074902361758,-0.4291621518453193,-0.21053568811623505,0.3806408140903898,-0.02748633025492649,1.4102701517093736,-0.3814247632135822,-0.20776392908670493,-1.925532772021615,-0.7798501533271572,0.46332138329192973,-0.3756955443720676,-0.33805371960738084,-1.2201720229241775,-0.6653899517778752,-0.02528873415944322,0.6250511506962924
1.1241347435229618,0.22589983910794187,0.6002022572295339,1.3435695687953342,1.1364424034980736,-0.5118983353607891,-0.19623225490713714,2.1840207122275683,2.149435290468032,1.3404711501388233,-1.601707371248486,-0.9946491768313177,-0.2871951067884802,-0.9756793018953834,1.780545255314563,-1.1396356168632087,0.46791302987551636,-0.7312870409511499,-0.8634808289632074,2.031483021972182,2.245707469206524,1.1337820261179667,-0.26766650050075946,0.19890406004249697,0.4567301453851812,0.5031291311788114,1.2431944898716492,-0.353963439158863,-0.6515217141524057,-0.2843172299410649,0.9628333608493119,1.023133238153976,-0.004112178623001914
2.219758342790005,-1.6459665259567131,-0.0019678762532104282,-0.6034363782857141,2.0506341637553374,-0.7324157787494349,-1.5253991690046986,1.1708152271735424,1.768860218532762,-0.06216677797745266,-0.5289570028634536,-0.6900834849263311,-0.8730731246369794,0.03700221565846212,-0.0024972584226010614,1.9631940051870322,-0.09468574081960318,-0.7312870409511499,-0.6458324486808834,1.4098695980166915,1.6877417184296222,-0.34082131036953744,0.9836743893402894,0.40223805460709855,1.2508177845207795,-1.0364460102283508,1.8854429305843583,-0.8755339642757749,-0.6515217141524057,-0.7522446264326214,-1.2352681111973907,1.1604265916712087,-0.25577751035072016
0.8400841807500238,-0.4426238627008633,-1.1632959908270737,0.40146991698192364,0.6703838590531919,-0.8426745004437578,0.19469919041567513,0.36025083913032174,-0.013833539479816359,0.6151920737352088,-0.09037397932482157,-0.8931272795296554,-0.5801341157127297,-0.8789042763270979,-0.5119379766332193,-1.1396356168632087,-1.488396331859786,-0.9327036336883704,-0.8634808289632074,0.8392080940575543,1.0574470740334931,-0.3039562269573493,0.41488307577617634,0.13112606185429687,1.6478616040885792,0.24653327427761754,0.7729768814927008,-0.8538018590625703,-1.748659695059995,-0.23418215174554116,1.736239434347226,-0.6119057900967125,0.4992184848324332
0.9821094621364928,-1.0442951943287881,-0.8622109240857024,0.08743669971078681,0.8854878026431371,0.2599127164994712,0.35107176854480016,0.461571387635724,0.15308535171986326,0.5387787424712566,-0.0014720150940176874,-1.0961710741329798,-0.8730731246369794,-0.9756793018953834,-1.5308194130544561,-1.1396356168632087,-1.2966012963955407,-1.1341202264255907,-1.1899533993866938,-0.0473553138789639,0.18950035060275686,-0.9122301032584449,1.211190914765935,0.19890406004249697,0.6552520551690805,-0.7798501533271572,0.42891521682517775,-0.614748701717319,-0.6515217141524057,0.9356363394833498,0.1487217045357184,1.597269080135133,-0.12994484448686106
-0.2961180703417225,-1.2448523048714302,-1.0342595336522007,-0.8546629521026237,0.13262400007833144,-1.614485552304018,-0.03985967677801209,-1.159557388450717,-0.6948626155745092,0.05569107193813471,0.0518691634444645,-1.4007367660379666,-1.166012133561229,-0.9756793018953834,-0.8303384255148558,-1.1396356168632087,-0.8490795469789683,-1.1341202264255907,-1.5164259698101799,-0.6383975858366422,-0.3374673029087607,-1.308529749939462,-0.4951830259264043,-0.682209916404107,-0.3373574937504176,-1.2930418671295443,-0.7523631651999854,0.14587498074484445,-0.6515217141524057,-2.02233327405256,-0.3397452892524378,-0.5619809342722643,1.0025491482878697
0.4951656402400313,-0.5094762328817448,1.5034574574536494,-0.3522098044688046,-0.06455461487911812,0.0026423658793846352,-0.6653499892945116,-0.4503135489128988,-0.5680042582627528,-0.4895633765724398,-2.022510001940957,-0.8931272795296554,-0.2871951067884802,-0.7959542544114245,-0.0024972584226010614,-0.46735586541898994,0.19939998022557295,-0.7312870409511499,-0.8634808289632074,0.31949851009476704,0.3238254387527514,0.32275019104983965,-1.5190073903418084,-2.0377698801681143,0.4567301453851812,-0.2666584395247695,0.13072844077999088,0.05894655989202571,0.44561626675518246,-0.08377691715896912,-0.9503290314876329,1.8718557871696,-1.2624388372615925
0.4951656402400313,-1.3117046750523105,-1.8945025814846908,-0.3522098044688046,0.6345332017882032,0.2966656237309123,-0.2744185439716993,-0.4503135489128988,0.09967130653596575,-0.22923999379185675,-0.795662895555865,-1.2992148687363043,-1.166012133561229,0.7800961619863691,0.6343036393406719,1.5420956993373565,0.37840867999220207,-0.9327036336883704,-1.407601779669018,-0.5466841298432101,-0.12048062205107733,-1.7601270217387601,-1.632765653054631,-0.8855439109687085,1.0522958747368802,-1.2930418671295443,-0.04130239155377067,-0.3974276495852724,-0.9649897086974314,1.4369871214385888,1.3698891890061087,-0.6992742877894977,2.009210475198741
1.7531038468058922,-0.6431809732435053,-0.5611258573443293,0.5270832038903784,2.1402608069178144,-0.8794274076751988,-0.35260483303626183,2.1840207122275683,0.7673468713346843,1.055540084408832,0.982376389060211,-0.08095210111635792,-1.166012133561229,-0.6438792142326901,-0.8940185152911831,-0.7333126901661534,-0.77236153279327,-0.6305787445825398,-0.10171149797507287,1.3691080620196112,1.6257455238988558,-0.11041453904336493,0.7561578639146446,2.0966880093121074,-0.1388355839665178,-1.0364460102283508,2.263910761718634,-1.266711858113459,-0.8082557114249185,-0.9026498610191931,0.4336607842454762,1.834412145301264,-0.3816101762145793
0.45458698841532547,-0.6431809732435053,-1.8514904290930672,-0.10098323065189518,0.6524585304206976,-0.8059215932123167,-0.8999088564881992,-0.5516340974183019,-0.45449941224697066,-0.4947439414038942,-0.45783543147881056,-0.4870396903230065,-0.5801341157127297,0.4690335798025941,-0.5756180664095466,-0.7259250005898433,-0.4015577975623957,-0.6305787445825398,-0.42818406839855905,0.29911774209622755,0.13783685516045116,0.7559149211430443,-1.1777326022033405,-0.6144319182159068,0.8537739649529803,-0.010062582623576328,-0.6262072214885601,-0.2235708078796351,-0.4947877168798937,-0.8692264755555104,-0.7468011174092346,-0.7866427854822822,1.3800471458794472
-0.6004579590270119,0.1590474689270604,-2.1525754958344385,1.0295363515241973,-0.10040527214410941,-1.1734506655267265,-0.5871637002299493,-0.4503135489128988,-0.12066162984761142,-0.405379198061306,-1.4950250141715216,-1.4007367660379666,-2.044829160333978,-0.8477980181087204,-3.695942465449584,-1.1396356168632087,-1.2454559536050753,-1.5369534119000317,-1.734074350092504,0.0545485261137393,0.21016574877967942,-0.5896606234018034,-0.15390823778793672,-1.4277678964743112,1.2508177845207795,0.5031291311788114,-0.2133332238875322,-0.04971396617399762,-2.0621276896050205,-0.5851276991142084,0.5557775326925152,-3.0082988696702406,1.2542144800155879
-0.17438211486760785,0.22589983910794187,-0.3460650953862072,-0.22659651756035004,0.16847465734332145,0.1864069020365895,-0.11804596584257461,-0.7542751944291073,-0.5012367017828808,-0.7278693588193417,-0.40449425294032826,0.32513548809029097,0.5916219199842686,2.1418590217686733,-0.0024972584226010614,0.3231269192461906,0.8387167651063907,0.27579592273495224,0.4424094527307374,0.35006966209257917,0.2618292442219851,0.3043176493437456,-1.2914908649161632,-0.7499879145923077,-0.7344013133182171,0.24653327427761754,-0.9243939975337465,-0.2018387026664303,-0.024585725062355193,0.23374524474601532,-0.9503290314876329,-0.12513844580833985,1.0025491482878697
0.8400841807500238,-0.576328603062625,-0.8191987716940768,-0.3522098044688046,0.5628318872582205,0.0026423658793846352,-0.6653499892945116,-0.04503135489128898,-0.5012367017828808,-0.708442240701388,0.9408888057525026,-0.5885615876246688,0.29868291106001915,-0.9756793018953834,-0.702978245962201,-1.1396356168632087,-0.6189255044218739,-0.7312870409511499,-0.42818406839855905,0.5640677260772553,0.8921238886181141,-0.6818233319322724,-1.1777326022033405,0.944462040112702,-0.5358794035343175,-0.2666584395247695,-0.018364947242602132,-1.6578897519511429,-0.4947877168798937,0.41757386479626984,-0.7875067002249141,1.023133238153976,1.0025491482878697
0.4951656402400313,-0.977442824147908,-0.26004079060295804,-0.22659651756035004,0.975114445805614,-0.14436926304637937,-0.8217225674236366,-0.5516340974183019,-0.7816604389983427,-0.845727208734929,-0.4756158243249713,-1.0961710741329798,-1.166012133561229,-0.9756793018953834,-1.2124189641728196,-0.009319111687763816,-1.5906870174407168,-1.1341202264255907,-1.298777589527856,-0.08811684987604576,0.15850225333737372,-0.9951765409358668,-1.0639743394905177,-0.682209916404107,1.2508177845207795,-0.2666584395247695,-0.2706768346654527,-1.0276587007682079,-0.18131972233486804,-0.08377691715896912,-0.17692295798971897,1.1604265916712087,-0.6332755079422976
0.7589268771006149,-1.1779999346905494,-0.6041380097359548,-0.03817658719766804,0.7779358308481658,-0.10761635581493853,0.19469919041567513,-0.4503135489128988,-0.5346204800228168,-0.6061260852801635,-0.11408116978636926,0.02056979618530437,0.5916219199842686,-0.9756793018953834,-0.5756180664095466,-1.1396356168632087,-0.4654894760504775,-0.227745559108099,0.11593688230725117,-0.4040187538534251,-0.23414031202414928,-0.2763074143982089,0.8699161266274673,-0.478875921839506,1.8463835138724785,-0.7798501533271572,0.3486341617360887,0.10241077031843489,-0.4947877168798937,0.01649323923207831,1.084950109296351,0.24929797287502387,1.2542144800155879
1.327028002646488,-0.5094762328817448,-0.08799218103645963,-0.6662430217399414,0.9213384599081283,0.0026423658793846352,-1.4472128799401363,-0.4503135489128988,0.433509088935325,-0.34839298491530774,-0.7363949194019958,-0.7916053822279933,-0.5801341157127297,-0.9756793018953834,-1.339779143725474,-1.1396356168632087,-1.028088246745597,-0.9327036336883704,-0.7546566388220453,1.1245388460371228,1.4707550375719387,-0.5896606234018034,-0.8364578140648725,-0.8177659127805078,-0.7344013133182171,-0.5232542964259633,-0.1559896131096117,-0.18010659745322571,-0.8082557114249185,0.5846907921146829,-1.7644406878012264,0.18689190309446324,-0.7591081738061567
0.19082575155474182,-0.04150964161558045,-0.7761866193024533,0.024630056256559663,-0.27965855846906335,0.1864069020365895,-0.2744185439716993,-0.7542751944291073,-0.45449941224697066,-0.02072225932581755,-0.17334914594023837,0.22361359078862866,0.0057439021357696615,-0.6991792288431389,-0.06617734819892813,0.13104699026212793,-0.5549938259337921,0.17508762636634193,0.22476107244841334,-0.006593777881882039,0.3341581378412134,-0.4698491023121939,-1.1777326022033405,-0.478875921839506,-0.5358794035343175,-0.5232542964259633,0.09632227431323889,0.14587498074484445,-0.33805371960738084,0.5512674066509997,-0.9910346143033125,0.49892225199726636,0.7508838165601515
1.469053284032957,-1.3117046750523105,0.1270685809216624,-0.03817658719766804,0.993039774438111,-0.6956628715179939,-1.212654012746449,-0.3489930004074966,0.17979237431181203,-0.1437606740728593,-0.42227464578648904,1.1373106665035884,1.177499937832768,1.3400088099171643,0.5706235495643448,0.19753619644891895,0.6852807367349943,1.1821705900524442,1.204178783718872,1.0735869260407713,0.4064870314604417,1.5945955687703117,-1.8602821784802763,-0.41109792365130593,0.6552520551690805,-1.0364460102283508,1.0252887689155505,-0.02798186096079303,-0.024585725062355193,-0.8692264755555104,-0.6246843689621955,0.6736592473828359,0.24755315310471634
0.9212414843994354,-1.3117046750523105,-0.47510155256108005,-1.1686961693737605,1.064741088968091,0.2599127164994712,-1.4472128799401363,0.2589302906249186,0.8341144278145561,0.38465693873548845,0.41933061559845347,-1.197692971434642,-1.4589511424854786,-0.9756793018953834,-1.085058784620165,0.2714130922120199,-1.5395416746502515,-1.1341202264255907,-1.407601779669018,0.47235427008382186,0.5614775177873588,0.10155969057671353,1.4387074401915805,0.2666820582306983,0.6552520551690805,-1.0364460102283508,0.6697583820924441,-1.2232476476870495,-0.8082557114249185,0.9857714176788738,-1.1538569455660312,-0.2499505853694611,-0.12994484448686106
-0.3366967221664283,0.5601616900123444,0.6862265620127831,-0.5406297348314869,-0.5843891452214842,0.8479592322025266,-0.19623225490713714,-0.9569162914399117,-0.5947112808547015,0.4455285755050775,-1.2875870976329793,0.02056979618530437,0.8845609289085185,1.4471525882249088,0.4432633700116901,0.3231269192461906,0.6213490582469128,0.27579592273495224,0.22476107244841334,0.19721390210352435,-0.02748633025492649,0.9033752547917941,-2.542831754757212,-1.6988798892271124,-0.7344013133182171,-0.010062582623576328,-1.6583922154911295,1.1020876101258494,0.7590842613002081,0.8019427976286193,-0.4211564548837972,0.4864410380411541,-0.25577751035072016
1.3676066544711938,1.6297996129064325,-0.04498002864483598,1.846022716429153,1.4949489761479815,0.0026423658793846352,-1.056281434617324,3.3998672942923984,1.6553553725169798,0.6721782868812071,0.8697672343678595,0.12209169348696666,0.5916219199842686,0.2962210341449412,1.080064267774963,-0.17184828236658603,0.2889043301088872,-0.1270372627394887,0.22476107244841334,1.9907214859751001,2.266372867383447,0.9033752547917941,2.5762900673198073,2.5033559984413096,-0.5358794035343175,1.7861084156847793,0.8991328252041261,-0.31049922873245367,-0.18131972233486804,0.2671686302096978,-0.8282122830405938,0.12448583331390263,0.12172048724085721
0.15024709973003597,0.025342728565299833,0.08405642853003877,-1.294309456282215,0.24017597187330406,-1.1734506655267265,0.5856306357384874,0.2589302906249186,0.9876798077182614,0.14246553286499572,0.5437933655215788,-0.5885615876246688,0.0057439021357696615,-0.27751661743846606,-0.12985743797525576,-0.6520481048267424,0.09710929464464202,-0.6305787445825398,-0.42818406839855905,0.13607159810790156,0.0758406606296849,0.20293866996023022,0.41488307577617634,0.5377940509834988,-0.9329232231021166,-0.5232542964259633,0.3715716060472572,0.7109097162881657,-0.9649897086974314,-1.1700369447286538,0.8000110295865931,-0.5245372924039282,-1.7657695007170284
-1.3917416696087657,1.2955377620020299,-0.3460650953862072,-0.3522098044688046,-1.26555163325631,-0.3648867064350251,0.35107176854480016,-0.5516340974183019,0.14640859607187592,1.4816415417959554,0.5675005559831264,-0.2839958957196822,0.0057439021357696615,-0.8650792726744857,-0.19353752775158284,-0.703761931860913,-0.9513702325598992,-0.32845385547670913,-0.21053568811623505,0.4417831180860112,0.3134927396642908,0.5531569623760122,-1.4052491276289856,0.3344600564188984,-2.5210985013733143,-0.2666584395247695,-0.8211754981334893,-0.2235708078796351,0.2888822694826705,-0.6519744700415736,-0.5839787861465158,-0.6743118598772732,-0.004112178623001914
1.8748398022800097,-1.3117046750523105,-0.21702863821133248,-0.5406297348314869,1.6204262765754496,-0.10761635581493853,-0.19623225490713714,-0.04503135489128898,-0.47452967919093225,0.1580072273593589,0.5734273535985135,-1.2992148687363043,-1.4589511424854786,-0.9756793018953834,-2.4860207596993655,-1.1396356168632087,-1.9359180812763586,-1.3355368191628112,-1.5164259698101799,-0.17983030586947776,0.3651562351065965,-2.377617168892902,-1.2914908649161632,0.6733500473599002,-0.1388355839665178,-1.0364460102283508,0.38304032820284145,0.47185655894291445,-1.121723705969944,0.6181141775783653,0.2708384529827573,0.18689190309446324,0.12172048724085721
0.41400833659061964,-0.24206675215822246,0.42815364766303554,0.5898898473446056,1.0109651030706053,-0.47514542812934824,-1.1344677236818863,1.06949467866814,0.433509088935325,0.5776329787071646,-0.1496419554786907,-0.18247399841801992,0.5916219199842686,0.0024397065269315607,0.2522231006827083,-1.1396356168632087,0.13546830173749083,-0.32845385547670913,0.007112692166088999,0.9411119340502574,0.9437873840604197,0.6545359417595276,-0.26766650050075946,0.6733500473599002,-0.3373574937504176,-1.0364460102283508,1.2890693784939855,-0.353963439158863,-0.18131972233486804,-0.4848575427231607,-1.8051462706169061,-0.05025116207166694,-0.25577751035072016
1.793682498630598,-0.5094762328817448,-1.0342595336522007,-0.3522098044688046,1.6204262765754496,-0.8059215932123167,-0.7435362783590741,0.8668535816573337,-0.02718705077579074,-0.9130745515438363,-0.8312236812481866,-0.4870396903230065,-0.2871951067884802,-0.4952604249671086,0.6343036393406719,0.36006536712774107,0.31447700150411995,-0.4291621518453193,-0.42818406839855905,1.0022542380458788,1.2021048612719483,-0.027468101365942296,1.211190914765935,-0.004429934522103379,1.2508177845207795,0.24653327427761754,0.9794138802932143,0.2545355068108678,-0.9649897086974314,-0.7355329337007801,-0.05480620954267999,0.44899739617281803,0.6250511506962924
-1.2294270623099424,1.4960948725446708,-0.690162314519204,1.280762925341107,-0.942895717871392,-1.0631919438324036,1.4456798154486747,0.36025083913032174,-0.47452967919093225,0.37559095028044326,0.20596590144452442,-0.6900834849263311,-0.2871951067884802,0.19253350675034955,0.8253439086696537,0.2640254026357097,0.7364260795254598,-0.4291621518453193,-0.5370082585397212,-0.10849761787458524,-0.32713460382030013,0.9586728799100763,0.5286413384889991,0.3344600564188984,-1.1314451328860164,1.2729167018823924,-0.09864600233169118,0.5153207693693236,0.2888822694826705,-1.454135721169956,1.0035389436649915,-0.4621312226233676,0.7508838165601515
0.8400841807500238,0.1590474689270604,0.6002022572295339,0.5898898473446056,0.2222506432408084,-0.9529332221380807,-1.3690265908755737,0.8668535816573337,0.9876798077182614,0.034968812612317136,-0.22076352686333378,-1.197692971434642,-0.8730731246369794,-0.9756793018953834,-0.2572176175279099,1.490381872303186,-0.9385838968622828,-1.0334119300569806,-1.1899533993866938,1.4710119020123142,1.8323995056680786,-0.8753650198462575,1.4387074401915805,0.2666820582306983,-0.9329232231021166,-0.010062582623576328,0.01604121922414985,-0.7234092277833424,0.44561626675518246,-1.4875591066336387,-0.2583341236210784,0.21185433100668785,-1.0107735055338742
-0.8236405440628898,1.6297996129064325,0.2130928857049116,0.3386632735276965,-0.6023144738539798,-1.835002995692664,-1.1344677236818863,-0.24767245190209433,-0.901842040662112,-0.9609947762347893,-0.06666678886327386,1.035788769201926,0.5916219199842686,2.3457778256447037,1.6531850757619089,1.7267879387451088,0.8642894365016234,1.5850037755268847,1.0953545935777098,1.7257715019940723,0.9231219858834987,1.9355975903330473,0.7561578639146446,-0.27554192727490506,-1.5284889524538157,0.7597249880800045,-0.05277111370935493,-0.6582129121437285,-1.4351917005149695,-2.256296972298338,-0.6653899517778752,-1.161079204165646,0.4992184848324332
-1.0265338031864162,-0.04150964161558045,-0.38907724777783087,-0.1637898741061226,-1.122149004196346,-0.07086344858349737,-0.19623225490713714,-0.6529546459237041,-0.3810551001191116,0.7149179467407057,0.7986456629832164,-0.5885615876246688,-0.5801341157127297,-0.706091730669445,-0.639298156185874,0.41916688373822186,-1.5011826675574023,-0.6305787445825398,-0.5370082585397212,-1.1581071697994285,-0.7817733637125901,-1.032041624348055,-0.04014997507511398,0.19890406004249697,0.8537739649529803,-0.010062582623576328,-0.6147384993329759,1.2976765570446915,0.2888822694826705,-0.15062368808633467,-0.014100626727000461,-0.7991239994383944,0.24755315310471634
1.0632667657859045,-0.6431809732435053,-0.3460650953862072,-0.3522098044688046,0.9571891171731197,0.0026423658793846352,-0.5871637002299493,0.5628919361411271,0.09967130653596575,-0.1489412389043137,1.047571162829467,0.12209169348696666,-0.5801341157127297,-0.9756793018953834,-1.276099053949147,-0.10535907617979513,-1.373319310581239,-0.6305787445825398,0.007112692166088999,0.6048292620743372,0.9334546849719592,-0.2947399561043029,-0.7226995513520498,1.3511300292419037,-0.1388355839665178,-0.010062582623576328,0.0619161078464861,0.3414639276636861,-0.6515217141524057,0.3173037084052218,-0.2583341236210784,0.5862907496900516,0.12172048724085721
0.9212414843994354,-0.7100333434243856,-0.8191987716940768,-0.7918563086483963,1.2619197039255419,1.0317237683597313,-0.03985967677801209,0.36025083913032174,0.21317615255174785,-0.37429580907257964,-0.46968902670958435,-0.6900834849263311,-0.2871951067884802,-0.9756793018953834,1.016384177998636,-0.23094979897706674,0.033177616156560195,-0.4291621518453193,-0.6458324486808834,0.45197350208528236,0.5924756150527419,0.07391087801757308,-0.04014997507511398,-0.0722079327103035,0.0596863258173815,-1.0364460102283508,0.11925971862440661,0.5587849797957328,0.2888822694826705,1.3367169650475412,-0.4211564548837972,0.6736592473828359,1.2542144800155879
0.17053642564238747,-0.24206675215822246,0.1270685809216624,-1.3571160997364424,0.5449065586257249,-0.7324157787494349,-0.5089774111653869,-0.04503135489128898,0.14640859607187592,-1.473870694548774,-0.037032800786339234,0.02056979618530437,0.0057439021357696615,0.3031335359712474,0.5069434597880171,0.7737759834011063,0.42955402278266697,0.17508762636634193,0.11593688230725117,0.339879278093308,0.2514965451335246,0.48864306640468363,0.5286413384889991,-0.13998593089850483,-0.7344013133182171,-1.2930418671295443,-1.2569869400456857,0.47185655894291445,-0.9649897086974314,-0.5517043136505256,-0.46186203769947676,-0.8864924971311796,0.12172048724085721
-0.21496076669231082,-0.17521438197734218,-0.7331744669108277,-0.7918563086483963,-0.06455461487911812,-0.769168685980876,0.19469919041567513,-0.1463519033966912,0.433509088935325,0.112677285084133,0.6445489249831566,0.02056979618530437,-0.5801341157127297,0.07847722661629877,0.1885430109063807,1.2983019433191234,0.25054532301603843,-0.026328966370878393,-0.10171149797507287,-0.281734145862181,-0.32713460382030013,0.15685731569499572,0.7561578639146446,0.2666820582306983,-0.5358794035343175,-0.010062582623576328,-0.6835508322664806,0.01548234946561634,0.6023502640276953,-1.287018793851543,-0.09551179235835952,-0.8864924971311796,-0.25577751035072016
-0.17438211486760785,0.894423540916747,1.7615303718033972,0.8411164211615153,-0.20795724393908074,0.40692434542523515,0.03832661228655043,0.8668535816573337,-0.45449941224697066,-0.05828135435386188,-0.943832835940538,0.6297011799952775,0.5916219199842686,1.1118962496490628,1.016384177998636,0.057170094499026956,0.9410074506873216,0.6786291082093928,0.6600578330130618,1.3894888300181507,0.9541200831488817,1.4471352351215618,-1.2914908649161632,-0.13998593089850483,-1.1314451328860164,0.5031291311788114,0.8991328252041261,0.1893391911712536,1.0725522558452338,-0.2007587662818587,-0.5432732033308362,-0.07521358998389154,-1.5141041689893109
0.9009521584870839,-0.5094762328817448,0.42815364766303554,0.40146991698192364,0.7600105022156689,-0.6956628715179939,-0.4307911221008244,1.1708152271735424,-0.17407567503150895,-0.8392515026956112,0.7215972939831865,-0.08095210111635792,-0.2871951067884802,0.27893977957917593,0.12486292113005364,1.3352403912006738,-0.7467888613980372,-0.227745559108099,0.007112692166088999,1.2366330700290957,1.5534166302796275,-0.22100978927992734,0.07360828763770876,1.3511300292419037,1.2508177845207795,-0.010062582623576328,0.29129055095816814,-1.0276587007682079,-0.024585725062355193,-0.8525147828236691,0.5964831155081947,0.6736592473828359,-0.5074428420784385
-1.1076911068358277,0.9612759110976273,-1.0342595336522007,-0.03817658719766804,-0.7457171029139424,-0.03411054135205653,0.27288547948023767,0.36025083913032174,-0.29425727669527824,-1.348241997386005,-0.8371504788635734,-0.9946491768313177,-0.5801341157127297,-0.9756793018953834,-0.8940185152911831,-1.1396356168632087,-1.1815242751169934,-1.0334119300569806,-0.9723050191043696,-1.3109629297884835,-0.9677619473048903,-1.0873392494663359,-0.7226995513520498,-0.41109792365130593,-0.3373574937504176,0.7597249880800045,-0.9129252753781627,0.10241077031843489,-0.9649897086974314,0.6682492557738894,0.4336607842454762,-3.058223725494689,1.5058798117433063
-0.37727537399113414,0.025342728565299833,-0.26004079060295804,0.40146991698192364,-0.10040527214410941,-1.3572152016839314,-0.4307911221008244,-0.1463519033966912,-0.5279437243748296,-0.26291366519631026,-0.7423217170173827,-0.8931272795296554,-0.5801341157127297,-0.9065542836323223,-0.8303384255148558,-0.01670680126407402,-2.0893541096477546,-0.9327036336883704,-0.8634808289632074,-0.37344760185561443,0.2618292442219851,-1.852289730269229,-0.7226995513520498,-0.6144319182159068,-0.1388355839665178,0.5031291311788114,0.08485355215765464,-0.3974276495852724,-1.278457703242457,-1.4374240284381146,-0.17692295798971897,-0.4621312226233676,0.24755315310471634
-0.012067507568784495,-0.04150964161558045,1.2023723907122763,-0.1637898741061226,-0.6023144738539798,-1.1734506655267265,-0.19623225490713714,-0.1463519033966912,0.09967130653596575,-0.4001986332298516,-0.03110600317095231,0.42665738539195325,-0.2871951067884802,0.050827219311074305,0.9527040882223083,1.4829941827268758,0.07153662324940929,0.6786291082093928,0.4424094527307374,0.8290177100582831,0.3031600405758303,1.4010538808563273,0.5286413384889991,-0.13998593089850483,-1.1314451328860164,-0.7798501533271572,-0.5803323328662239,-0.7886055434229563,-0.4947877168798937,-1.404000642974432,0.1894272873513979,0.561328321777827,-1.1366061713977333
-0.13380346304290203,1.0949806514593878,-0.21702863821133248,-0.7290496651941688,-0.5843891452214842,-0.6221570570551119,0.42925805760936236,0.6642124846465293,-0.45449941224697066,0.7006713934542063,1.3439110435988129,0.12209169348696666,-0.5801341157127297,-0.21876035191486412,0.5069434597880171,-0.6594357944030524,1.0944434790587174,0.07437932999773163,0.007112692166088999,0.17683313410498344,0.21016574877967942,0.2766688367846052,-0.15390823778793672,1.486686025618304,-0.1388355839665178,-0.010062582623576328,0.25688438449141615,0.3414639276636861,-0.6515217141524057,-0.4848575427231607,1.084950109296351,-0.6992742877894977,-0.12994484448686106
-0.43814335172819147,0.0921950987461801,-0.9482352288689516,-0.22659651756035004,0.1505493287108271,-0.7324157787494349,0.03832661228655043,1.06949467866814,0.7673468713346843,-0.7835604307574766,-0.9734668240174726,-0.6900834849263311,-0.2871951067884802,1.7754964249744492,1.14374435755129,0.29357616094095,0.8898621078968562,-0.4291621518453193,-0.6458324486808834,0.5233061900801734,0.49948132325659106,0.48864306640468363,0.5286413384889991,-0.0722079327103035,0.8537739649529803,-0.010062582623576328,0.8532579365817891,-0.614748701717319,-1.4351917005149695,-0.3344523081365889,0.5557775326925152,-1.0612294925167491,0.8767164824240106
0.31256170702885644,-1.2448523048714302,-0.8622109240857024,-0.4778230913772594,0.5628318872582205,-1.2837093872210494,-0.35260483303626183,-0.3489930004074966,-0.2341664758633935,-0.2978824778086274,-0.9793936216328595,-1.603780560641291,-2.044829160333978,-0.4330479085303536,-1.1487388743964921,-1.1396356168632087,-0.005181390936288905,-1.3355368191628112,-1.9517227303748284,0.5640677260772553,0.6751372077604307,0.00018071119319814342,0.18736655035053149,-0.9533219091569086,1.0522958747368802,-1.0364460102283508,0.42891521682517775,-0.679945017356933,-0.33805371960738084,-1.621252648488369,-0.05480620954267999,1.3102011591445544,-0.12994484448686106
0.4342976625029711,-1.1779999346905494,0.7292387144044068,-0.9802762390110783,0.6703838590531919,0.7009476032767629,0.42925805760936236,0.15760974211951637,-0.6013880365026887,0.8314806554484295,-0.21483672924794686,-0.4870396903230065,0.5916219199842686,-0.7648479961930471,0.7616638188933266,-1.1396356168632087,1.1967341646396483,-0.32845385547670913,-0.3193598782573972,-0.39382836985415537,-0.17214411749338304,-0.4422002897530528,-1.4052491276289856,0.06334806366609674,-0.1388355839665178,-1.5496377240307382,0.29129055095816814,-0.5060881756512957,1.2292862531177466,0.20032185928233284,1.5327115202688275,-0.2249881574572365,-0.5074428420784385
0.2111150774670933,0.1590474689270604,0.7722508667960324,0.2758566300734688,0.25810130050579844,1.2154883045169362,-0.8217225674236366,-0.1463519033966912,-0.5012367017828808,0.46366055241516796,-0.5585909909403882,-0.2839958957196822,0.8845609289085185,-0.9756793018953834,0.1885430109063807,-0.711149621437223,-0.2353354334933832,-0.227745559108099,-0.10171149797507287,0.06473891011300904,0.24116384604506255,-0.3316050395164904,0.18736655035053149,-0.5466539200277067,-0.9329232231021166,-0.010062582623576328,0.4059777725140092,-0.9841944903417982,0.9158182585727209,1.0693298813380803,-0.9910346143033125,1.597269080135133,-1.2624388372615925
0.7792162030129665,-0.10836201179646072,-0.0019678762532104282,-0.22659651756035004,-0.15418125804159508,0.8112063249710857,-0.4307911221008244,-0.04503135489128898,2.7703735657308397,-0.13080926199422332,-0.9082720502482164,0.5281792826936152,0.0057439021357696615,0.831939925683665,0.8253439086696537,1.4608311139979457,1.145588821849183,0.5779208118407828,0.4424094527307374,-0.44478028985050694,-0.4717923910587552,-0.009035559659848234,-1.632765653054631,-0.7499879145923077,-0.3373574937504176,-0.2666584395247695,0.6812271042480275,0.3849281380900957,-0.6515217141524057,1.9550495961256693,-0.46186203769947676,0.12448583331390263,0.24755315310471634
0.2719830552041506,-0.10836201179646072,1.0733359335374035,-0.3522098044688046,0.09677334281334016,-0.5118983353607891,-1.916330614327511,0.7655330331519316,1.1011846537340435,-0.13469468561781414,-0.6060053718634837,0.42665738539195325,1.4704389467570174,0.6383898745470941,-0.06617734819892813,0.03500702577009674,0.05875028755179292,0.07437932999773163,0.6600578330130618,1.5831061260042874,1.264101055802716,1.3457562557380451,0.6423996012018218,-0.004429934522103379,1.8463835138724785,0.24653327427761754,-0.2706768346654527,-0.9841944903417982,0.2888822694826705,-0.7188212409689386,-1.560912773722828,0.3241852566116968,0.24755315310471634
0.06908979608062431,0.693866430374105,0.815263019187656,0.7155031342530604,-0.10040527214410941,0.517183067119558,-0.2744185439716993,0.461571387635724,0.8808517173504664,0.24607682949408352,-1.394269454709944,-0.18247399841801992,0.29868291106001915,-0.8166917598903429,0.6979837291169995,0.6112468127222843,0.07153662324940929,-0.026328966370878393,-0.10171149797507287,0.35006966209257917,0.4891486241681305,-0.17492843501469285,0.9836743893402894,-0.7499879145923077,-0.3373574937504176,-0.010062582623576328,0.5206649940698502,-0.5930165965041142,0.7590842613002081,0.3173037084052218,-0.8689178658562735,0.0371173356211174,-0.7591081738061567
0.39371901067826814,0.493309319831463,1.0733359335374035,0.46427656043615134,0.5807572158907149,0.6274417888138808,-0.03985967677801209,1.6774179697005551,1.1946592328058638,-0.2421914058704927,-0.7126877289404481,1.1373106665035884,1.177499937832768,2.1418590217686733,1.2711045371039449,1.3426280807769841,2.142923006263259,0.9807539973152235,1.0953545935777098,1.0633965420415015,0.08617335971814545,1.9079487777739068,-0.7226995513520498,0.6055720491717002,0.6552520551690805,0.7597249880800045,0.7041645485591961,0.9716949788466215,-0.33805371960738084,1.3701403505112237,-0.9503290314876329,0.4739598240850418,-0.25577751035072016
-1.0468231290987704,-0.37577149251998304,-1.8514904290930672,-0.7290496651941688,-0.19003191530658636,-1.4307210161468134,-0.11804596584257461,-0.1463519033966912,-0.6214183034466503,0.6721782868812071,0.06964955629062528,-1.2992148687363043,-2.044829160333978,-0.9756793018953834,-2.1039402210414018,-1.1396356168632087,-1.603473353138333,-1.3355368191628112,-1.625250159951342,-0.1492591538716671,0.06550796154122289,-0.7463372279036009,0.5286413384889991,-0.13998593089850483,-0.1388355839665178,-0.2666584395247695,-2.1286098238700775,0.3631960328768911,-2.532329681422558,-0.8525147828236691,-0.7468011174092346,0.6736592473828359,1.1283818141517288
-0.5801686331146605,0.3596045794697024,-1.2493202956103229,1.469182855703789,-0.7994930888114294,-0.14436926304637937,-0.4307911221008244,-0.24767245190209433,0.9676495407742997,-0.02072225932581755,0.2000391038291375,0.6297011799952775,-0.2871951067884802,-0.09087906812820094,-0.5756180664095466,0.0719454736516471,-0.20976276209815048,0.17508762636634193,0.5512336428718996,-0.9542994898140222,-0.5234558865010609,-0.8200673947279759,-0.9502160767776953,0.06334806366609674,-0.1388355839665178,0.7597249880800045,0.48625882760309824,-0.6582129121437285,-0.024585725062355193,-0.016930146231604166,-0.7875067002249141,0.11200461935779032,1.5058798117433063
0.2111150774670933,1.0949806514593878,0.6862265620127831,0.40146991698192364,0.4911305727282393,0.48043015988811716,-0.8217225674236366,0.461571387635724,0.9676495407742997,0.8794008801393826,0.46081819890616205,0.12209169348696666,1.4704389467570174,-0.24641035922008847,0.5069434597880171,0.2788007817883299,0.42955402278266697,0.07437932999773163,0.3335852625895752,0.5436869580787144,1.2124375603604103,-1.0873392494663359,3.1450813808839198,0.2666820582306983,0.8537739649529803,-0.010062582623576328,-0.2133332238875322,-0.9189981747021845,-0.4947877168798937,1.2364468086564933,-0.8282122830405938,-0.8116052133945068,-0.5074428420784385
-1.0468231290987704,1.9640614638108351,-1.2923324480019465,0.5270832038903784,-0.7815677601789338,-1.724744273998341,-1.1344677236818863,0.15760974211951637,-0.7015393712224964,0.9752413295212888,-1.4357570380176523,-0.8931272795296554,-1.166012133561229,-0.10816032269396622,-0.32089770730423756,1.0471204977245803,0.37840867999220207,-0.8319953373197603,-0.9723050191043696,1.1958715340320154,1.2227702594488707,0.4425617121394491,-0.9502160767776953,-1.0210999073451088,-1.925532772021615,1.5295125587835854,0.17660332940232712,-0.353963439158863,-1.4351917005149695,-2.0891800449799254,-1.194562528381711,-1.1735604181217583,0.8767164824240106
0.31256170702885644,0.0921950987461801,-0.13100433342808518,-0.2894031610145772,0.329802615035781,0.2231598092680303,-1.4472128799401363,-0.7542751944291073,-0.2341664758633935,-1.0671963552796044,-1.3409282761714616,-0.5885615876246688,0.0057439021357696615,-0.007929046212527633,0.3159031904590354,0.6481852606038347,-0.9769429039551318,-0.4291621518453193,-0.42818406839855905,-0.3224956818592628,0.354823536018136,-1.843073459416182,0.8699161266274673,-1.4955458946625115,2.0449054236563784,0.5031291311788114,-0.14452089095402743,-0.44089186001168174,-0.024585725062355193,0.4844206357236348,-1.4795016080914687,-0.2000257295450128,0.12172048724085721
1.0632667657859045,-0.7768857136052659,-1.0342595336522007,-1.1686961693737605,0.8496371453781458,-0.9161803149066398,-0.03985967677801209,-0.24767245190209433,-0.5346204800228168,-1.9984028837335308,-0.7778825027097042,-1.197692971434642,-1.166012133561229,-0.6473354651458431,-0.9576986050675105,-1.1396356168632087,-0.6317118401194902,-1.1341202264255907,-1.298777589527856,-0.5466841298432101,-0.17214411749338304,-1.391476187616884,0.6423996012018218,-0.7499879145923077,0.4567301453851812,-1.0364460102283508,-0.8555816646002421,-0.2018387026664303,-1.748659695059995,-0.26760553720922364,-0.13621737517403942,0.07456097748945431,-0.004112178623001914
0.33285103294120794,0.2927522092888221,0.38514149527141,0.6526964907988333,0.43735458683075235,0.11290108757370748,-0.8217225674236366,1.3734563241843467,-0.6013880365026887,1.7717531723574014,-1.2223923238637233,1.340354461106913,-0.2871951067884802,0.6522148781997062,0.6979837291169995,1.8449909719660704,0.7236397438278437,0.9807539973152235,1.204178783718872,1.4710119020123142,0.8611257913527309,1.5024328602398427,-1.1777326022033405,-0.004429934522103379,0.25820823560128137,0.5031291311788114,0.5436024383810187,-1.3101760685398682,0.13214827221015765,0.15018678108680883,-0.5839787861465158,0.7735089590317334,-1.3882715031254516
-0.5598793072023062,0.493309319831463,1.2883966954955257,-0.22659651756035004,-0.27965855846906335,0.48043015988811716,1.211120948254987,0.15760974211951637,-0.7816604389983427,-1.0348178250830145,0.25338028236761984,0.02056979618530437,-0.2871951067884802,1.7201964103640004,0.06118283135372657,-0.26788824685861723,1.0688708076634847,-0.026328966370878393,0.007112692166088999,0.13607159810790156,-0.5337885855895229,1.7881372566842975,-0.26766650050075946,0.3344600564188984,-0.7344013133182171,-0.010062582623576328,0.24541566233583192,0.2110712963844582,0.9158182585727209,0.2170335520141738,0.06731053890435897,-0.2125069435011251,-0.7591081738061567
-0.43814335172819147,0.4264569496505827,0.6002022572295339,-0.7918563086483963,-0.5843891452214842,0.14965399480514832,-0.4307911221008244,0.2589302906249186,0.09967130653596575,-0.0362639538201807,0.7393776868293471,-0.5885615876246688,0.5916219199842686,-0.46761041766188416,0.5706235495643448,-0.7333126901661534,-0.18419009070291775,-0.4291621518453193,-0.42818406839855905,-0.39382836985415537,-0.3891307983510664,0.2121549408132766,-0.9502160767776953,0.944462040112702,0.25820823560128137,0.24653327427761754,-0.8211754981334893,-1.6578897519511429,1.2292862531177466,-0.5182809281868431,-0.8282122830405938,-1.211004059990095,-0.8849408396700151
0.6980588993635576,0.6270140601932247,-0.9912473812605752,0.9039230646157425,1.4411729902504957,-0.10761635581493853,-0.7435362783590741,2.082700163722166,2.3030006703717367,2.217281747862479,0.28894106805994135,-0.9946491768313177,-0.5801341157127297,-0.9756793018953834,-1.1487388743964921,-1.1396356168632087,-1.207096946512226,-1.1341202264255907,-0.9723050191043696,1.5729157420050175,2.090716982879607,-1.732478209179619,0.18736655035053149,1.6222420219947056,0.0596863258173815,0.24653327427761754,0.9450077138264623,-0.4843560704380909,-1.748659695059995,1.5205455850977951,-0.5839787861465158,-0.39972515284280696,1.2542144800155879
-0.012067507568784495,0.1590474689270604,-0.21702863821133248,-0.22659651756035004,0.27602662913829407,0.14965399480514832,-1.9945169033920733,0.5628919361411271,2.1026980009321212,-0.009065988455045162,0.3659894370599713,-0.08095210111635792,-0.2871951067884802,-0.7371979888878225,0.1885430109063807,0.10149623195688764,-0.9897292396527483,-0.1270372627394887,0.007112692166088999,0.7576850220633919,0.5304794205219742,1.0231867758814035,-0.8364578140648725,0.7411280455481003,-1.3299670426699162,-0.010062582623576328,-0.3624266119101252,-1.6578897519511429,-0.8082557114249185,0.5679790993828413,-1.31667927682875,-0.13761965976445217,0.12172048724085721
0.028511144255918462,-1.0442951943287881,0.5141779524462847,-0.3522098044688046,0.09677334281334016,1.4727586551370233,0.03832661228655043,-0.7542751944291073,-0.7816604389983427,-1.9427118117953963,-1.240172716709884,0.42665738539195325,0.5916219199842686,0.03354596474530902,0.4432633700116901,0.12365930068581799,-0.47827581174809386,0.5779208118407828,0.4424094527307374,-0.8931571858184002,-1.1847486281625743,0.34118273275593375,-0.8364578140648725,-1.4277678964743112,0.6552520551690805,-0.7798501533271572,0.13072844077999088,-0.5930165965041142,1.2292862531177466,1.1361766522654453,0.5964831155081947,-0.2749130132816857,0.3733858189685755
0.4342976625029711,0.3596045794697024,-0.08799218103645963,-0.7290496651941688,0.27602662913829407,0.40692434542523515,-1.4472128799401363,1.1708152271735424,-0.013833539479816359,-1.3767351039590041,-0.6297125623250313,0.22361359078862866,1.177499937832768,-0.8616230217613325,0.2522231006827083,-0.6224973465215019,-0.8746522183742009,-0.026328966370878393,0.4424094527307374,0.17683313410498344,0.4581505269027474,-0.2947399561043029,0.07360828763770876,0.3344600564188984,-0.1388355839665178,0.5031291311788114,0.3142279952693367,-0.5278202808645003,-0.33805371960738084,0.8353661830923024,-1.0724457799346718,-1.4481471251562252,1.5058798117433063
0.028511144255918462,-0.7100333434243856,0.08405642853003877,0.08743669971078681,0.16847465734332145,0.0026423658793846352,1.836611260771487,-0.3489930004074966,-0.5346204800228168,0.5866989671622096,0.6326953297523827,-1.197692971434642,-0.8730731246369794,-0.9756793018953834,-0.32089770730423756,0.3822284358566714,-1.1175925966289115,-1.0334119300569806,-1.1899533993866938,-1.300772545789213,-0.4924577892356778,-3.1702164622549356,0.18736655035053149,0.19890406004249697,1.4493396943046795,-0.5232542964259633,1.1629134347825603,-0.2453029130928397,-0.024585725062355193,0.08334001015944387,2.835290170370577,-1.2359664879023189,-0.5074428420784385
1.0835560916982558,-0.6431809732435053,0.2561050380965372,-0.7290496651941688,1.0109651030706053,0.14965399480514832,-0.4307911221008244,0.36025083913032174,-0.06724758466371389,0.03755909502804433,1.5039345792142598,-1.0961710741329798,-1.166012133561229,-0.9756793018953834,-2.4860207596993655,-1.1396356168632087,-1.1815242751169934,-1.3355368191628112,-1.1899533993866938,-0.2511629938643703,0.15850225333737372,-1.5205039795595405,0.5286413384889991,1.2833520310537037,-0.7344013133182171,-1.2930418671295443,0.08485355215765464,-0.41915975479847695,-0.4947877168798937,0.6682492557738894,-0.17692295798971897,0.6736592473828359,-1.8916021665808875
-0.1540927889552535,0.5601616900123444,0.9442994763625289,0.7155031342530604,-0.15418125804159508,0.0026423658793846352,0.11651290135111296,-0.04503135489128898,-0.7349231494624324,0.1437606740728593,0.41933061559845347,0.8327449745986021,0.8845609289085185,1.886096454195347,1.5895049859855812,1.113609703911371,1.5163925570800572,1.2828788864210543,0.8777062132953855,1.0226350060444196,0.4581505269027474,1.3918376100032797,-0.4951830259264043,0.3344600564188984,-0.3373574937504176,0.5031291311788114,0.2798218288025839,-0.28876712351924905,-0.024585725062355193,0.11676339562312635,-1.1538569455660312,-0.34980029701835774,-0.5074428420784385
1.0632667657859045,0.0921950987461801,0.9442994763625289,-0.6034363782857141,1.1005917462330823,0.0026423658793846352,-0.4307911221008244,-0.04503135489128898,-0.040540562071765124,-0.5582058605892106,-1.9691688234024751,1.1373106665035884,0.5916219199842686,2.4149028439077647,1.2711045371039449,0.7959390521300367,1.3373838573134287,1.4842954791582743,1.0953545935777098,1.7461522699926117,0.9644527822373423,1.834218610949532,-1.1777326022033405,-1.6988798892271124,-0.3373574937504176,-0.010062582623576328,-0.08717728017610692,0.7109097162881657,0.7590842613002081,-0.30102892267290615,-0.5025676205151565,1.372607228925115,-0.6332755079422976
1.3067386767341365,-0.8437380837861473,-1.335344600393572,-0.10098323065189518,1.6025009479429528,-0.43839252089790703,0.35107176854480016,0.461571387635724,-0.2341664758633935,0.2227642877525388,0.7215972939831865,-1.4007367660379666,-1.166012133561229,-0.9756793018953834,-1.085058784620165,-1.1396356168632087,0.27611799441127116,-1.234828522794201,-1.407601779669018,-0.9135379538169411,-0.285803807466455,-3.1794327331079826,-0.26766650050075946,0.944462040112702,-0.3373574937504176,-0.7798501533271572,-0.23627066819870074,-0.5060881756512957,-0.33805371960738084,-0.5349926209186844,0.5557775326925152,0.523884679909491,0.7508838165601515
0.5357442920647343,-0.17521438197734218,0.2130928857049116,0.8411164211615153,0.903413131275634,-0.6221570570551119,-0.03985967677801209,0.8668535816573337,0.7005793148548124,0.45329942275225915,-0.45190863386342367,0.02056979618530437,0.29868291106001915,2.0519964980266936,1.6531850757619089,0.9141420853509984,1.5547515641729066,0.27579592273495224,0.11593688230725117,0.8595888620560952,0.06550796154122289,1.8987325069208592,1.8937404910428708,0.13112606185429687,1.2508177845207795,0.24653327427761754,1.048226213226719,0.2545355068108678,0.2888822694826705,-0.8525147828236691,1.2884780233747497,0.8483962427684055,-0.004112178623001914
0.31256170702885644,-1.1779999346905494,0.041044276138413216,-0.2894031610145772,-0.45891184479401725,0.48043015988811716,-0.5089774111653869,-0.8555957429345095,-0.45449941224697066,0.4209208925556692,0.5260129726754181,-0.08095210111635792,0.0057439021357696615,-0.8616230217613325,-1.276099053949147,-1.1396356168632087,-1.207096946512226,-0.5298704482139296,0.007112692166088999,-0.27154376186291124,0.24116384604506255,-1.032041624348055,-0.7226995513520498,-0.0722079327103035,0.6552520551690805,-0.5232542964259633,-1.3372679951347743,0.47185655894291445,2.326424234025335,-0.3344523081365889,-0.7060955345935549,0.024636121665005988,0.6250511506962924
0.31256170702885644,0.7607188005549853,-0.6041380097359548,1.0295363515241973,0.16847465734332145,-0.3648867064350251,0.35107176854480016,1.06949467866814,0.26659019773564535,0.6190774973587995,0.7986456629832164,0.02056979618530437,0.0057439021357696615,-0.7579354943667409,-1.276099053949147,-1.1396356168632087,-0.29926711198146505,-0.7312870409511499,0.007112692166088999,-0.3530668338570735,0.22049844786814,-1.2347995831150864,0.5286413384889991,1.2833520310537037,-1.1314451328860164,0.5031291311788114,0.3715716060472572,-0.9189981747021845,-0.024585725062355193,-0.5182809281868431,1.2070668577433898,-0.5619809342722643,0.7508838165601515
1.327028002646488,-0.5094762328817448,0.4711658000546592,0.08743669971078681,0.7241598449506801,0.1864069020365895,0.8201895029321746,0.6642124846465293,-0.4344691453030091,-0.10620157904481499,0.20596590144452442,0.22361359078862866,0.8845609289085185,0.4241023179316044,-0.0024972584226010614,-1.1396356168632087,0.2633316587136545,-0.026328966370878393,0.3335852625895752,0.1055004461100909,0.44781782781428536,-0.3592538520756309,-0.8364578140648725,0.7411280455481003,-0.3373574937504176,-0.7798501533271572,1.4840376551389147,0.2328034015976628,-0.024585725062355193,0.4008621720644283,0.3929552014297963,1.8718557871696,-0.8849408396700151
1.0023987880488472,-1.1779999346905494,-0.5611258573443293,-1.41992274319067,0.7779358308481658,1.546264469599905,-0.19623225490713714,-0.4503135489128988,1.548527282149185,-0.7058519582856605,-0.641566157555805,-0.7916053822279933,-0.8730731246369794,-0.8685355235876386,-1.6581795926071106,-1.1396356168632087,-0.7084298543051882,-1.0334119300569806,-0.8634808289632074,-0.4753514418483176,-0.11014792296261532,-1.0043928117889138,0.3011248130633536,-0.7499879145923077,0.8537739649529803,-1.2930418671295443,-0.6147384993329759,-1.005926595555003,-0.33805371960738084,2.322706836226178,-0.6246843689621955,2.296217061677413,-0.004112178623001914
-1.0265338031864162,1.9640614638108351,1.245384543103902,1.846022716429153,-0.7277917742814481,-1.1734506655267265,0.5856306357384874,0.8668535816573337,-0.7883371946463299,-0.7731993010945678,-0.5467373957096143,0.5281792826936152,0.0057439021357696615,1.2155837770436544,0.2522231006827083,0.16059774856736847,0.59577638685168,0.27579592273495224,0.5512336428718996,0.47235427008382186,0.2721619433104457,0.7466986502899966,-0.04014997507511398,0.13112606185429687,-1.1314451328860164,2.042704272585973,0.509196271914266,0.5805170850089377,-0.8082557114249185,-1.2535954083878604,-0.38045087206811734,-0.33731908306224634,-1.1366061713977333
0.7386375511882606,-0.4426238627008633,2.234664048111267,0.46427656043615134,0.7062345163181832,0.8112063249710857,0.8201895029321746,1.06949467866814,0.14640859607187592,1.0646060728638769,0.22967309190607213,1.340354461106913,1.7633779556812674,0.7040586418970021,0.7616638188933266,0.6629606397564549,1.4524608785919757,1.0814622936838338,1.3130029738600342,0.37045043009111867,0.06550796154122289,0.7651311919960906,-0.3814247632135822,0.944462040112702,-0.1388355839665178,-0.5232542964259633,1.8969116527399426,0.0806786651052303,1.6994882449352844,0.25045693747785686,1.3698891890061087,1.1978702335395446,-1.3882715031254516
0.028511144255918462,0.4264569496505827,0.815263019187656,1.092342994978425,-0.2975838871015577,-0.5854041498236711,-1.7599580361983862,0.36025083913032174,1.768860218532762,0.6333240506452993,0.8519868415216986,2.0510077422185486,0.8845609289085185,0.8215711729442059,-0.12985743797525576,0.581696054417044,1.3373838573134287,1.3835871827896646,2.0747723048481688,1.5321542060079356,1.5534166302796275,0.7743474628491384,-0.3814247632135822,0.944462040112702,-0.9329232231021166,-0.010062582623576328,0.01604121922414985,-1.6578897519511429,1.5427542476627714,-1.2535954083878604,-1.0724457799346718,0.062079763533342006,-0.6332755079422976
0.41400833659061964,0.493309319831463,0.38514149527141,0.21304998661924165,0.8675624740106428,-0.4016396136664662,0.8201895029321746,0.8668535816573337,-0.7816604389983427,0.5452544485105747,1.2550090793680093,1.5433982557102375,1.177499937832768,2.0312589925477758,1.5258248962092542,1.438668045269015,1.6954012568466863,1.685712071895495,1.5306513541423579,0.8595888620560952,-0.02748633025492649,1.5853792979172654,-0.04014997507511398,1.5544640238065042,-1.7270108622377156,0.24653327427761754,-1.394611605912695,-0.46262396522488636,-0.4947877168798937,-0.15062368808633467,0.5150719498768356,0.7111028892511728,0.24755315310471634
-0.41785402581583714,-0.5094762328817448,-0.9912473812605752,-0.6034363782857141,-0.9787463751363833,-0.9896861293695216,1.4456798154486747,-0.8555957429345095,-0.7015393712224964,-0.17354892185372203,0.3304286513676497,-1.4007367660379666,-1.4589511424854786,-0.38811664665936385,-0.702978245962201,-1.1396356168632087,-0.7979342041885028,-1.1341202264255907,-1.625250159951342,-1.2090590897957803,-1.1744159290741132,0.13842477398890166,0.18736655035053149,-0.27554192727490506,-0.3373574937504176,-1.0364460102283508,-0.2706768346654527,0.14587498074484445,-1.5919256977874823,-0.4514341572594779,1.6548282687158662,-1.5355156228490097,0.24755315310471634
-1.2497163882222968,-0.17521438197734218,0.9442994763625289,-0.6034363782857141,-1.2834769618888042,0.1864069020365895,0.27288547948023767,-1.5648395824723278,-0.9819631084379583,0.6514560275553894,0.39562342513690574,0.02056979618530437,0.0057439021357696615,-0.706091730669445,0.1885430109063807,-0.26050055728230714,-0.3631987904695469,0.27579592273495224,0.11593688230725117,-1.8612436657490805,-1.7840451752933202,-0.31317249781039636,-1.5190073903418084,-0.5466539200277067,-0.9329232231021166,-1.0364460102283508,-0.05277111370935493,0.14587498074484445,0.9158182585727209,-0.08377691715896912,-0.6246843689621955,-0.00032630624721861646,-1.1366061713977333
1.1241347435229618,-0.5094762328817448,-0.8191987716940768,-0.6034363782857141,0.6703838590531919,-0.8426745004437578,-1.212654012746449,0.9681741301627378,0.3200042429195429,0.3173095959265814,1.4802273887527122,-0.18247399841801992,0.29868291106001915,-0.7475667416272818,-0.06617734819892813,-0.7480880693187736,-0.28648077628384866,-0.4291621518453193,0.007112692166088999,1.104158078038582,1.1607740649181046,0.4056966287272623,1.6662239656172253,1.418908027430104,-0.3373574937504176,-0.5232542964259633,0.42891521682517775,-1.1580513320474357,-0.8082557114249185,-0.7188212409689386,-1.683029522169867,1.023133238153976,0.3733858189685755
-0.25553941851701667,-0.17521438197734218,0.34212934287978636,-0.415016447923032,-0.42306118752902594,0.14965399480514832,0.35107176854480016,-0.8555957429345095,-0.9686095971419839,0.06087163676958911,-0.09630077694020849,-0.4870396903230065,-0.5801341157127297,-0.03903530443090509,0.37958328023536303,1.5938095263715273,-0.13304474791245227,-0.227745559108099,-0.5370082585397212,-1.0765840978052663,-1.019425442747196,-0.17492843501469285,0.7561578639146446,-0.682209916404107,1.0522958747368802,-0.2666584395247695,-1.5666424382464565,1.2759444518314869,0.13214827221015765,0.2838803229415393,-0.014100626727000461,-0.36228151097447003,-1.3882715031254516
-0.6004579590270119,0.7607188005549853,-1.2063081432186993,-0.2894031610145772,-0.11833060077660378,0.11290108757370748,-0.2744185439716993,1.2721357756789444,-0.2341664758633935,-0.26291366519631026,0.19411230621375059,2.3555734341235346,0.0057439021357696615,1.1948462715647359,1.2074244473276177,1.4608311139979457,1.5675378998705227,2.289961850107156,2.2924206851304922,1.6034868940028282,0.6131410132296644,1.834218610949532,0.9836743893402894,0.8766840419245006,0.0596863258173815,0.7597249880800045,-0.8211754981334893,-0.5930165965041142,-0.4947877168798937,0.5679790993828413,-0.2583341236210784,-1.6228841205417948,2.1350431410626003
-0.19467144077995932,0.0921950987461801,-1.8514904290930672,-0.415016447923032,-0.6381651311189711,-0.9896861293695216,0.7420032138676125,-0.3489930004074966,-0.7816604389983427,-0.36911524424112524,0.34228224659842355,-1.0961710741329798,-1.4589511424854786,0.12340848848728854,0.9527040882223083,1.6011972159478374,0.46791302987551636,-0.7312870409511499,-1.298777589527856,-0.9542994898140222,-0.9884273454818129,0.3596152744620278,-0.26766650050075946,0.13112606185429687,0.6552520551690805,-0.010062582623576328,-0.14452089095402743,1.2107481361918728,-0.6515217141524057,-1.0363434028739233,0.8000110295865931,0.4739598240850418,1.7575451434710245
-0.316407396254074,0.025342728565299833,0.5141779524462847,-0.1637898741061226,0.1505493287108271,0.039395273110825475,1.367493526384112,0.36025083913032174,0.05293401700005555,-1.3365857265152326,-1.092002776325211,-0.08095210111635792,0.5916219199842686,-0.29479787200423135,1.2074244473276177,-0.23833748855337694,0.825930429408774,0.17508762636634193,0.11593688230725117,-1.0052514098103738,-1.3294064154010303,0.5992383166412467,1.0974326520531121,-0.6144319182159068,-0.9329232231021166,-0.7798501533271572,-0.11011472448727545,1.3846049778975102,0.44561626675518246,-0.06706522442712819,0.8814221952179525,-0.03776994811555463,-0.25577751035072016
0.9618201362241412,1.2286853918211496,1.9335789813698956,0.9039230646157425,0.903413131275634,-0.21787507750926138,0.7420032138676125,2.1840207122275683,0.8808517173504664,-0.5582058605892106,0.2770874728291675,-0.3855177930213445,0.5916219199842686,-0.7959542544114245,0.12486292113005364,-1.1396356168632087,-1.168737939419377,-0.6305787445825398,-0.10171149797507287,0.9309215500509862,1.1814394630950271,-0.25787487269211484,2.4625318046069844,1.3511300292419037,-0.3373574937504176,1.0163208449811985,1.0596949353823033,1.1890160309786681,-0.024585725062355193,-0.3177406154047477,-0.3397452892524378,2.108998852335731,-2.89826349349176
-0.7221939145011266,-0.8437380837861473,-0.8191987716940768,-0.9174695955568508,0.16847465734332145,0.7009476032767629,0.11651290135111296,-0.9569162914399117,-0.5680042582627528,-0.056986213145998284,-0.7126877289404481,1.5433982557102375,0.0057439021357696615,0.18907725583719667,0.2522231006827083,0.6925113980616955,0.5574173797588307,1.5850037755268847,1.4218271640011964,-0.39382836985415537,-0.8541022573318177,0.5255081498168718,-0.15390823778793672,-1.1566559037215096,1.6478616040885792,-0.5232542964259633,-2.759389542427203,2.5798707646237666,-0.4947877168798937,1.5873923560251608,-0.09551179235835952,-1.9099520415323734,1.5058798117433063
-1.1888484104852395,0.894423540916747,-0.905223076477326,1.469182855703789,-1.1579996614613373,-1.3939681089153724,-0.03985967677801209,0.461571387635724,-0.40108536706307313,-0.3380318552523989,1.557275757752742,1.035788769201926,-0.8730731246369794,-0.20147909734909886,-0.4482578868568922,0.4930437795013229,0.3272633372017366,0.37650421910356224,0.9865304034365476,1.144919614035664,0.8507930922642704,0.9955379633222632,-0.7226995513520498,1.6900200201829056,-0.1388355839665178,1.0163208449811985,1.4840376551389147,0.47185655894291445,-0.18131972233486804,-1.8385046540023058,-0.014100626727000461,-0.5120560784478159,0.4992184848324332
0.45458698841532547,-0.17521438197734218,1.5894817622368989,-0.6662430217399414,0.2939519577707897,0.039395273110825475,0.7420032138676125,-1.0582368399453148,-1.015346886677894,0.2732747948592191,-1.5661465855561647,1.4418763584085752,1.4704389467570174,0.9840149658623997,0.8253439086696537,1.1800989100981618,0.8642894365016234,1.7864203682641053,1.4218271640011964,-0.12887838587312617,-0.4614596919702946,0.5255081498168718,0.07360828763770876,-1.969991881979914,-0.3373574937504176,-0.010062582623576328,-1.7042671041134656,0.5153207693693236,1.2292862531177466,-0.4012990790639542,0.47436636706115576,0.7485465311195089,-0.004112178623001914
2.300915646439414,-2.247637857584638,-1.335344600393572,-0.8546629521026237,2.0506341637553374,-1.1366977582952855,-1.9945169033920733,0.461571387635724,3.1042113481301987,0.32119501955017216,0.43711100844461437,1.2388325638052506,-1.4589511424854786,-0.08742281721504795,-0.06617734819892813,1.7563386970503496,0.7364260795254598,0.7793374045780032,1.0953545935777098,1.3181561420232595,1.140108666741182,0.8204288171143729,-0.15390823778793672,0.6733500473599002,2.243427333440278,-1.5496377240307382,1.3922878778942422,-1.6578897519511429,-1.748659695059995,-0.7188212409689386,-0.9096234486719532,0.49892225199726636,-0.004112178623001914
-1.5540562769075863,-1.4454094154140718,-1.8084782767014416,-1.6711493170075793,-1.0504476896663646,-0.2546279847407022,-0.19623225490713714,-1.66616013097773,-1.1689122665815994,-1.6435341927789051,1.1601803175218184,1.035788769201926,-0.8730731246369794,-0.336272882962068,-0.702978245962201,0.48565608992501264,-0.4271304689576284,0.6786291082093928,0.8777062132953855,-1.5861032977687823,-1.8873721661779317,0.018613252899292207,-1.632765653054631,0.13112606185429687,-0.5358794035343175,-1.0364460102283508,-0.6147384993329759,-0.3756955443720676,-0.6515217141524057,-0.05035353169528665,-0.7060955345935549,-1.1860416320778704,2.386708472790319
-0.9047978477123014,1.6297996129064325,0.9012873239709052,1.594796142612244,-0.9249703892388964,0.1864069020365895,0.5074443466739252,-0.1463519033966912,0.09967130653596575,1.2239084414310994,0.7867920677524426,0.9342668719002644,0.8845609289085185,1.1741087660858176,1.2074244473276177,1.0175697394193397,1.2990248502205792,1.2828788864210543,0.9865304034365476,0.9207311660517165,0.5924756150527419,1.0047542341753108,-0.04014997507511398,0.4700160527952987,-0.9329232231021166,1.0163208449811985,-0.7523631651999854,-0.5278202808645003,-0.33805371960738084,0.4008621720644283,1.0035389436649915,-2.758674590547998,0.24755315310471634
-1.0468231290987704,1.2955377620020299,-0.21702863821133248,0.5898898473446056,-1.1042236755638504,0.9214650466654088,-0.19623225490713714,0.05628919361411415,-0.5212669687268424,0.10620157904481503,0.9349620081371155,-0.4870396903230065,0.5916219199842686,-0.9756793018953834,-0.639298156185874,-1.1396356168632087,-0.3504124547719305,-0.6305787445825398,-0.21053568811623505,-0.7199206578308044,-0.296136506554917,-0.930662644964539,1.211190914765935,0.5377940509834988,-0.7344013133182171,0.7597249880800045,-0.4885825556215505,-0.7668734382097517,0.6023502640276953,0.9022129540196673,-0.13621737517403942,-0.2374693714133488,0.3733858189685755
-1.0062444772740646,1.1618330216402681,0.5571901048379084,0.9039230646157425,-0.3155092157340533,0.7744534177396448,0.11651290135111296,0.2589302906249186,0.9676495407742997,1.2096618881446,0.6326953297523827,1.7464420503135616,2.6421949824540163,0.07156472478999269,1.3984647166565995,1.2244250475560223,1.759332935334768,1.987836961001326,1.7482997344246822,0.3806408140903898,-0.27547110837799443,1.1798633803832013,2.1212570164685163,0.40223805460709855,0.4567301453851812,1.5295125587835854,-1.1078935520230924,-0.15837449224002095,-0.33805371960738084,1.4871221996341129,-0.21762854080539884,-1.248447701858431,1.7575451434710245
-0.7221939145011266,0.4264569496505827,-0.13100433342808518,1.3435695687953342,-0.35135987299904464,-0.3648867064350251,1.1329346591904248,-1.0582368399453148,-0.5680042582627528,-0.4455285755050775,0.6860365082908649,-1.197692971434642,-0.2871951067884802,-0.9756793018953834,-0.5756180664095466,-1.1396356168632087,-1.0025155753503645,-0.9327036336883704,-0.9723050191043696,-1.0562033298067255,-0.5234558865010609,-1.5020714378534463,-0.04014997507511398,-0.13998593089850483,-1.1314451328860164,1.0163208449811985,-0.0298336693981864,-0.8755339642757749,-0.18131972233486804,-0.3177406154047477,2.6317622562921787,-0.49957486449170363,-0.5074428420784385
0.2314044033794448,-0.04150964161558045,1.374421000278775,-0.7290496651941688,-0.5843891452214842,0.40692434542523515,-0.4307911221008244,-0.7542751944291073,-0.7082161268704836,1.3430614325545505,0.5141593774446442,-0.7916053822279933,-0.5801341157127297,0.8112024202047469,-0.32089770730423756,-1.1396356168632087,-0.5038484831433266,-0.7312870409511499,-0.7546566388220453,0.03416775811519837,0.21016574877967942,-0.15649589330859942,-0.26766650050075946,-0.0722079327103035,-0.5358794035343175,-0.5232542964259633,0.29129055095816814,0.01548234946561634,1.6994882449352844,-0.21747045901369963,-0.2583341236210784,-0.31235665515002176,-1.5141041689893109
0.008221818343566983,-0.8437380837861473,-0.8191987716940768,-1.41992274319067,-0.5485384879564942,-0.2546279847407022,0.27288547948023767,-0.9569162914399117,-0.2341664758633935,0.3742958090725797,1.3379842459834261,-0.2839958957196822,0.5916219199842686,-0.9756793018953834,-0.06617734819892813,-1.1396356168632087,-0.6444981758171067,-0.227745559108099,-0.10171149797507287,-0.27154376186291124,-0.5131231874126003,0.7835637337021847,-0.04014997507511398,0.4700160527952987,-0.9329232231021166,-0.7798501533271572,0.5665398826921865,0.31973182245048154,-0.024585725062355193,-0.2508938444773821,0.4336607842454762,-1.0612294925167491,0.8767164824240106
-0.6410366108517178,0.9612759110976273,-2.0235390386595657,1.846022716429153,-0.13625592940909942,-0.9529332221380807,0.9765620810612996,0.6642124846465293,-0.47452967919093225,-0.5866989671622096,0.7927188653678297,-0.4870396903230065,-0.8730731246369794,1.0393149804728483,0.6343036393406719,1.128385083063991,1.3757428644062775,-0.4291621518453193,-0.5370082585397212,0.11569083010936064,0.3341581378412134,-0.20257724757383394,1.0974326520531121,0.8766840419245006,1.0522958747368802,1.2729167018823924,1.048226213226719,-0.02798186096079303,-1.748659695059995,-0.6018393918460496,2.3061175937667415,-0.8740112831750674,1.0025491482878697
0.31256170702885644,-1.1111475645096691,0.5571901048379084,-0.9174695955568508,0.3118772864032854,1.8770406346828739,-0.9780951455527617,-1.66616013097773,1.1011846537340435,-1.0775574849425131,-1.7143165259408377,1.340354461106913,1.7633779556812674,-0.29479787200423135,0.4432633700116901,0.6260221918749044,0.8515031008040068,1.7864203682641053,1.3130029738600342,-0.9950610258111033,-1.2674102208702633,0.00939698204624452,0.5286413384889991,-2.376659871109116,0.0596863258173815,-0.7798501533271572,-1.509298827468536,-1.0276587007682079,1.2292862531177466,1.6208157414888433,-0.6653899517778752,0.598771963646163,0.3733858189685755
-0.6410366108517178,0.493309319831463,1.4174331526704003,-0.6662430217399414,-0.06455461487911812,-0.5854041498236711,-0.2744185439716993,0.36025083913032174,0.09967130653596575,-1.010210142133606,-0.3037386934787506,1.2388325638052506,2.056316964605517,0.3826273069737676,0.6343036393406719,-0.09797138660348506,-0.06911306942437045,1.0814622936838338,1.4218271640011964,-0.4753514418483176,-0.5544539837664455,0.14764104484194804,-0.4951830259264043,0.06334806366609674,-1.3299670426699162,-0.010062582623576328,-1.3831428837571107,-0.5930165965041142,-0.024585725062355193,-0.6853978555052561,-0.014100626727000461,-1.5355156228490097,-1.2624388372615925
-0.6410366108517178,0.2927522092888221,0.17008073331328796,-0.6662430217399414,-0.8353437460764195,0.6274417888138808,-0.5089774111653869,-0.5516340974183019,-0.6815091042785348,-0.6229629209823905,0.30672146090610203,0.8327449745986021,0.8845609289085185,0.9701899622097873,0.37958328023536303,-0.6003342777925716,1.7465465996371519,0.7793374045780032,0.8777062132953855,-1.046012945807455,-0.7507752664472063,-0.5620118108426629,-0.9502160767776953,-0.004429934522103379,-0.9329232231021166,0.24653327427761754,-0.8555816646002421,0.31973182245048154,0.13214827221015765,0.8855012612878258,-0.9503290314876329,-0.7367179296578338,0.8767164824240106
0.39371901067826814,-0.37577149251998304,0.6002022572295339,0.9667297080699702,0.5090559013607349,-0.3281337992035842,0.19469919041567513,-0.5516340974183019,-0.45449941224697066,-1.901267293143761,0.6978901035216388,0.42665738539195325,1.177499937832768,0.5243335944130431,-0.32089770730423756,-0.3269897634690981,-0.3376261190743141,0.17508762636634193,0.5512336428718996,-0.516112977845398,-0.4407942937933721,-0.39611893548781835,-0.608941288639227,0.2666820582306983,1.0522958747368802,0.5031291311788114,0.8761953808929576,-1.6578897519511429,0.2888822694826705,-0.5015692354550019,-0.05480620954267999,-0.1750633016327882,0.3733858189685755
-1.9801321210669904,1.4960948725446708,0.2991171904881608,-0.5406297348314869,-2.1080420789835923,1.6197702840627874,1.1329346591904248,-1.5648395824723278,-1.155558755285625,-1.332700302891642,0.4015502227522928,1.035788769201926,-1.166012133561229,-0.6577042178853023,-0.32089770730423756,1.6750741117109385,-0.3504124547719305,0.8800457009466135,0.7688820231542239,-1.8510532817498109,-2.05269535159331,-0.06433318477813042,-0.608941288639227,-0.6144319182159068,-0.7344013133182171,1.5295125587835854,-0.9129252753781627,-0.44089186001168174,0.13214827221015765,2.1890132943714473,-0.2990397064367579,-0.2125069435011251,-1.2624388372615925
-1.2294270623099424,0.1590474689270604,0.815263019187656,-0.7290496651941688,-0.7994930888114294,0.48043015988811716,2.1493564170297366,-0.6529546459237041,-0.9619328414939966,1.0011441536785608,0.8816208295986333,-0.08095210111635792,0.0057439021357696615,-0.6058604541880064,-0.8303384255148558,-0.48951893414792014,-0.7084298543051882,-0.4291621518453193,-0.10171149797507287,-2.350382097714056,-1.9287029625317769,-1.483638896147353,-1.0639743394905177,0.4700160527952987,-0.3373574937504176,0.5031291311788114,0.13072844077999088,2.7971918167558134,0.6023502640276953,0.43428555752811077,1.736239434347226,-1.1860416320778704,-0.6332755079422976
0.6169015957141459,-0.7768857136052659,-0.7761866193024533,-0.7290496651941688,0.4015039295657623,-0.6221570570551119,1.2893072373195498,-0.24767245190209433,-0.4878831904869065,0.7731993010945678,-0.6534197527865789,-0.3855177930213445,-1.7518901514097283,-0.8512542690218734,-1.4671393232781287,1.0545081873008901,-0.45270314035286113,-0.8319953373197603,-0.5370082585397212,-0.9441091058147517,-0.8231041600664345,-0.5896606234018034,1.0974326520531121,-0.682209916404107,-0.3373574937504176,-1.2930418671295443,0.41744649466959344,1.8192470821616034,-0.8082557114249185,-0.3678756936002714,2.0211785140569836,1.2353138754078825,0.24755315310471634
0.3531403588535623,-0.576328603062625,0.815263019187656,-0.22659651756035004,-0.08247994351161377,-0.2913808919721434,-0.11804596584257461,-0.4503135489128988,-0.45449941224697066,0.8366612202798841,1.11869273421411,0.9342668719002644,-0.2871951067884802,1.0600524859517668,-0.0024972584226010614,-0.20878673024813652,1.3501701930110448,0.6786291082093928,0.8777062132953855,0.6761619500692282,0.3341581378412134,0.7282661085839038,-0.04014997507511398,0.6055720491717002,-0.5358794035343175,-0.7798501533271572,-0.47711383346596625,0.45012445372970944,1.0725522558452338,-0.7689563191644626,-0.13621737517403942,-0.02528873415944322,-0.8849408396700151
-1.1279804327481793,0.6270140601932247,0.34212934287978636,-0.9802762390110783,-0.1721065866740907,0.2966656237309123,2.696660440481674,-0.04503135489128898,-0.1006313629036497,0.40019863322985166,1.9899319836759874,1.2388325638052506,0.8845609289085185,1.149915009693746,1.5258248962092542,1.4608311139979457,1.7081875925443024,1.685712071895495,1.204178783718872,-0.5263033618446692,-1.5877238926125588,1.3273237140319523,0.3011248130633536,1.418908027430104,1.8463835138724785,0.24653327427761754,-0.9702688861560832,-0.02798186096079303,0.44561626675518246,0.11676339562312635,2.50964550784514,-0.824086427350619,-0.3816101762145793
-0.07293548530584469,0.693866430374105,1.1163480859290271,1.3435695687953342,-0.6919411170164568,1.2889941189798186,0.5074443466739252,-0.1463519033966912,-0.7349231494624324,-1.7225378064585848,-0.9675400264020857,0.5281792826936152,0.0057439021357696615,0.9909274676887057,-0.06617734819892813,-1.1396356168632087,0.9154347792920888,0.27579592273495224,0.4424094527307374,-0.11868800187385643,-0.3374673029087607,0.5715895040821063,0.41488307577617634,-0.8177659127805078,-0.5358794035343175,-0.010062582623576328,1.1629134347825603,0.623981295435347,1.0725522558452338,0.9523480322151913,-0.2583341236210784,-1.0612294925167491,-1.5141041689893109
-0.9047978477123014,1.9640614638108351,-1.1632959908270737,0.8411164211615153,-0.6023144738539798,-1.0631919438324036,1.2893072373195498,0.05628919361411415,0.5670442018950688,-0.7330499236507962,-2.2358747160948864,-0.8931272795296554,-1.166012133561229,-0.3259041302226088,-2.167620310817729,-1.1396356168632087,-1.4372509890693206,-1.234828522794201,-1.0811292092455316,-0.1492591538716671,-0.0068209320780039185,0.055478336311479026,-0.7226995513520498,-1.7666578874153132,-2.124054681805515,1.7861084156847793,0.21100949586907994,-0.46262396522488636,-0.8082557114249185,-1.3705772575107493,1.1256556921120309,-0.437168794711143,1.1283818141517288
-0.052646159393490335,-0.9105904539670276,1.9335789813698956,-1.4827293866448974,-0.33343454436654896,1.0684766755911728,0.19469919041567513,-0.1463519033966912,-0.901842040662112,-0.5167613419375754,-1.4357570380176523,0.7312230772969398,2.056316964605517,1.6407026393614803,1.016384177998636,1.1948742892507822,0.3400496728993527,0.9807539973152235,0.8777062132953855,-1.0969648658038065,-1.0400908409241185,-0.20257724757383394,-0.26766650050075946,-1.2244339019097104,0.6552520551690805,-0.5232542964259633,-0.7523631651999854,0.45012445372970944,1.3860202503902586,0.6014024848465238,-0.05480620954267999,-0.4496500086672553,-0.3816101762145793
0.6574802475388518,-1.9802283768611157,0.041044276138413216,-0.8546629521026237,0.6166078731557062,-0.7324157787494349,0.19469919041567513,-1.66616013097773,-1.04873066491783,0.44941399912866836,-0.7186145265558351,-1.2992148687363043,-0.8730731246369794,-0.9756793018953834,-1.276099053949147,-1.1396356168632087,-0.8107205398861191,-1.1341202264255907,-1.407601779669018,-0.08811684987604576,0.09650605880660748,-0.5620118108426629,-0.8364578140648725,-1.6311018910389123,-0.5358794035343175,-2.062829437833125,0.01604121922414985,-0.2018387026664303,-0.18131972233486804,-0.7856680118963039,1.3698891890061087,-0.1750633016327882,-0.004112178623001914
0.028511144255918462,-0.17521438197734218,-1.2493202956103229,-0.6034363782857141,-0.5126878306915029,-1.1734506655267265,-1.4472128799401363,0.5628919361411271,1.768860218532762,0.24607682949408352,-0.647492955171192,-0.6900834849263311,-0.8730731246369794,-0.18765409369648656,-0.7666583357385284,0.3083515400935704,-0.6828571829099558,-0.8319953373197603,-0.7546566388220453,-0.4142091378526948,-0.11014792296261532,-0.7832023113157884,-0.4951830259264043,-0.13998593089850483,-0.3373574937504176,-0.2666584395247695,0.39450905035842493,-0.3322313339456584,-0.33805371960738084,-1.4374240284381146,-0.9910346143033125,0.24929797287502387,0.12172048724085721
-0.275828744429371,0.6270140601932247,-0.08799218103645963,0.8411164211615153,-0.1721065866740907,-0.769168685980876,-0.2744185439716993,0.5628919361411271,4.773400260126995,0.22664971137612955,-0.09630077694020849,2.0510077422185486,0.5916219199842686,0.5761773581103389,0.12486292113005364,0.6334098814512146,1.311811185918196,1.4842954791582743,1.9659481147070066,0.8392080940575543,0.7887968977335027,0.4978593372577313,0.18736655035053149,0.2666820582306983,1.4493396943046795,1.5295125587835854,-0.04130239155377067,-0.7668734382097517,-0.8082557114249185,-0.5851276991142084,0.718599863955234,-0.2249881574572365,0.6250511506962924
-0.8033512181505383,-0.7100333434243856,0.6862265620127831,-0.6034363782857141,0.0788480141808445,0.07614818034226631,-0.6653499892945116,-0.9569162914399117,-1.2356798230614714,0.6061260852801635,0.6919633059062518,0.02056979618530437,1.177499937832768,1.181021267912124,2.289985973525182,0.7516129146721763,1.0816571433611013,0.9807539973152235,0.22476107244841334,-0.43458990585123575,-0.3374673029087607,-0.23022606013297436,-1.0639743394905177,0.06334806366609674,-1.1314451328860164,-1.5496377240307382,0.8647266587373733,-1.6578897519511429,-0.18131972233486804,0.35072709386890427,-1.1131513627503515,1.3102011591445544,-0.5074428420784385
-2.6902585279993323,3.5016659779710864,-0.08799218103645963,4.295481811144021,-1.9467141212911343,1.3257470262112594,3.3221507529981733,1.576097421195153,-0.45449941224697066,0.2085177344660392,-1.3587086690176222,-1.0961710741329798,-0.5801341157127297,-0.8374292653692612,-0.0024972584226010614,-1.1396356168632087,0.6213490582469128,-1.0334119300569806,-1.0811292092455316,-2.2688590257198933,-2.114691546124077,-0.5251467274304754,1.211190914765935,0.06334806366609674,-0.9329232231021166,3.582279413993134,1.4496314886721626,-0.02798186096079303,0.6023502640276953,1.0860415740699219,1.9804729312413039,-1.6228841205417948,0.24755315310471634
-0.5801686331146605,1.5629472427255522,0.9012873239709052,2.9137356551510187,-0.3872105302640346,-0.03411054135205653,-0.4307911221008244,2.4879823577437765,-0.6815091042785348,1.0607206492402863,0.6801097106754782,-0.08095210111635792,0.0057439021357696615,-0.7544792434535877,-0.19353752775158284,-0.15707290321396578,-0.017967726633905272,-0.5298704482139296,-0.10171149797507287,-0.6078264338388315,0.3031600405758303,-1.7877758342979004,0.41488307577617634,2.0966880093121074,-0.3373574937504176,0.7597249880800045,1.4840376551389147,-1.0928550164078215,0.13214827221015765,-0.00021845349976263057,-0.9910346143033125,-0.49957486449170363,-1.3882715031254516
-0.8236405440628898,1.0281282812785075,-0.3460650953862072,0.5270832038903784,-1.2476263046238143,0.443677252656676,1.523866104513237,-0.6529546459237041,-0.9686095971419839,-0.8755154565157919,-0.21483672924794686,-0.2839958957196822,-0.5801341157127297,-0.6784417233642207,-0.4482578868568922,2.5024953442576687,-0.3248397833766978,-0.32845385547670913,-0.3193598782573972,-0.13906876987239736,-0.2651384092895324,0.5715895040821063,2.4625318046069844,-0.7499879145923077,-1.3299670426699162,1.5295125587835854,-0.6606133879553121,1.2324802414050777,0.13214827221015765,0.6181141775783653,-0.014100626727000461,1.2977199451884431,0.4992184848324332
-0.11351413713054766,1.0949806514593878,-1.1202838384354499,1.280762925341107,-0.1721065866740907,0.48043015988811716,3.243964463933611,0.461571387635724,-1.1221749770456892,-1.1824639227794647,-0.10815437217098234,-0.6900834849263311,-0.5801341157127297,-0.9756793018953834,0.3159031904590354,-1.1396356168632087,-0.29926711198146505,-0.6305787445825398,-0.7546566388220453,-0.49573220984685856,-0.6991117710049005,0.6729684834656217,1.6662239656172253,0.13112606185429687,-0.5358794035343175,1.5295125587835854,0.42891521682517775,2.4712102385577435,0.2888822694826705,0.6348258703102062,2.1840008453197024,0.3117040426555845,0.24755315310471634
-0.6816152626764237,-0.04150964161558045,-0.04498002864483598,-0.2894031610145772,-1.26555163325631,-0.07086344858349737,0.11651290135111296,-2.274083422010146,-0.901842040662112,0.6475706039317988,-1.0031008120944072,1.035788769201926,0.29868291106001915,-0.29825412291738435,-0.5756180664095466,-0.0019314221114537446,-0.5294211545385593,0.9807539973152235,0.9865304034365476,-1.229439857794321,-0.8644349564202789,-0.7463372279036009,0.18736655035053149,-2.308881872920916,0.6552520551690805,0.24653327427761754,-1.509298827468536,0.9716949788466215,-0.33805371960738084,0.20032185928233284,1.0035389436649915,-0.49957486449170363,-0.12994484448686106
-2.142446728365812,2.56573279543876,2.7077977244191365,2.4112825075171993,-2.66372726659095,2.5385929648488115,0.27288547948023767,0.36025083913032174,-0.31428754363923983,0.3470978437074441,1.4328130078296166,-0.08095210111635792,0.0057439021357696615,-0.6888104761036797,-0.639298156185874,0.6038591231459743,-1.2838149606979241,-0.4291621518453193,-0.21053568811623505,-1.6064840657673225,-1.205414026339497,-1.1702856871437586,0.7561578639146446,1.2155740328655025,-1.5284889524538157,1.7861084156847793,1.0138200467599672,0.8630344527805982,2.326424234025335,1.3200052723156999,-0.9096234486719532,-1.8350647577957013,-1.5141041689893109
-0.41785402581583714,-1.5791141557758328,-0.6471501621275785,-0.5406297348314869,-0.13625592940909942,-0.5854041498236711,-0.7435362783590741,-1.4635190339669246,-0.7683069277023684,1.4855269654195462,-0.3274458839402983,-1.603780560641291,-1.4589511424854786,-0.9756793018953834,-0.702978245962201,-1.1396356168632087,-1.820841059997811,-1.234828522794201,-1.734074350092504,-0.5976360498395618,-0.3168019047318381,-1.4283412710290715,-0.608941288639227,-1.1566559037215096,-0.9329232231021166,-1.8062335809319316,-2.1171411017144934,1.2324802414050777,-0.6515217141524057,-0.3678756936002714,0.9221277780336324,-0.5494997203161519,-0.12994484448686106
-0.25553941851701667,-0.17521438197734218,-0.26004079060295804,0.5898898473446056,-0.19003191530658636,-1.1366977582952855,0.5856306357384874,-0.24767245190209433,-0.3476713218791756,-0.505105071066803,-0.866784466940508,-0.8931272795296554,-1.4589511424854786,-0.17382909004387437,-0.2572176175279099,-1.1396356168632087,0.6213490582469128,-0.7312870409511499,-1.0811292092455316,0.8799696300546347,0.623473712318125,1.4194864225624213,-0.26766650050075946,-0.8177659127805078,1.2508177845207795,1.0163208449811985,0.08485355215765464,0.14587498074484445,0.2888822694826705,-1.571117570292845,1.0442445264806715,0.12448583331390263,0.7508838165601515
-0.3569860480787798,0.3596045794697024,-0.13100433342808518,-0.1637898741061226,-0.45891184479401725,0.9214650466654088,0.5074443466739252,-1.0582368399453148,-0.2341664758633935,-1.4881172478352735,-1.7439505140177722,-0.8931272795296554,0.0057439021357696615,0.7524461546811448,-0.0024972584226010614,-1.1396356168632087,-0.20976276209815048,-0.6305787445825398,-0.7546566388220453,-0.03716492987969416,0.3031600405758303,-0.45141656060609986,0.3011248130633536,-2.0377698801681143,-1.3299670426699162,-0.7798501533271572,-1.2913931065124378,0.8413023475673936,1.3860202503902586,0.4844206357236348,0.1487217045357184,0.598771963646163,-1.0107735055338742
-0.23525009260466517,-1.5791141557758328,-0.905223076477326,-1.1686961693737605,-0.22588257257157637,0.6274417888138808,1.211120948254987,-1.4635190339669246,-0.901842040662112,-0.5064002122746666,0.7156704963677994,-1.197692971434642,-1.166012133561229,-0.5920354505353943,-2.1039402210414018,-1.1396356168632087,-1.5395416746502515,-1.234828522794201,-1.298777589527856,-1.7083879057600257,-1.5877238926125588,-0.7647697696096943,0.5286413384889991,-0.478875921839506,1.6478616040885792,-1.0364460102283508,-0.7523631651999854,3.057977079314269,1.0725522558452338,0.2671686302096978,2.0211785140569836,-0.9114549250434034,0.24755315310471634
1.0226881139611985,-0.04150964161558045,-0.3460650953862072,-0.1637898741061226,0.5449065586257249,0.11290108757370748,0.5856306357384874,-0.1463519033966912,0.433509088935325,0.21628858171322077,-0.6949073360942873,-0.18247399841801992,0.29868291106001915,-0.8063230071508836,-0.5756180664095466,-1.1396356168632087,0.3911950156898182,-0.4291621518453193,-0.10171149797507287,-0.4142091378526948,-0.5337885855895229,0.31353392019679327,-0.26766650050075946,-0.6144319182159068,0.0596863258173815,-0.010062582623576328,0.9335389916708781,0.5805170850089377,1.3860202503902586,-0.4012990790639542,-0.13621737517403942,0.3241852566116968,-0.3816101762145793
-1.675792232381701,1.0949806514593878,0.1270685809216624,0.21304998661924165,-2.609951280693464,0.9949708611282906,1.2893072373195498,-0.6529546459237041,-0.40108536706307313,1.8352150915427177,0.15262472290604223,0.22361359078862866,0.0057439021357696615,-0.35355413752783327,0.1885430109063807,0.24925002348308958,-0.5677801616314084,0.27579592273495224,0.22476107244841334,-1.361914849784835,-2.104358847035616,1.0877006718527322,-0.3814247632135822,-0.27554192727490506,0.25820823560128137,1.5295125587835854,-0.5229887220883033,0.993427084059826,0.7590842613002081,0.9523480322151913,1.0035389436649915,-1.4231846972440008,-0.6332755079422976
-1.9801321210669904,1.2955377620020299,-0.13100433342808518,2.4740891509714267,-1.2834769618888042,0.039395273110825475,1.211120948254987,-0.24767245190209433,-0.2341664758633935,-1.8028365613461277,0.9290352105217288,1.1373106665035884,-0.5801341157127297,0.13723349213990083,-0.5756180664095466,-0.23833748855337694,0.4039813513874348,0.4772125154721725,0.9865304034365476,-1.2702013937914023,-1.4120680081087198,-0.01825183051289592,0.07360828763770876,0.5377940509834988,-1.1314451328860164,1.5295125587835854,0.8303204922706213,0.5805170850089377,1.8562222422077972,-0.6352627773097321,1.1256556921120309,0.3241852566116968,-0.7591081738061567
-0.742483240413481,0.9612759110976273,2.0626154385447686,-0.3522098044688046,0.1146986714458358,1.1052295828226137,-0.11804596584257461,1.1708152271735424,0.8341144278145561,1.2821897957849615,1.0179371747525325,1.5433982557102375,1.177499937832768,-0.46415416674873106,-0.8303384255148558,0.04239471534640681,-0.8362932112813518,0.27579592273495224,1.4218271640011964,-0.6791591218337241,0.49948132325659106,-1.3453948333516494,-0.3814247632135822,1.6222420219947056,-1.3299670426699162,1.2729167018823924,-0.05277111370935493,0.2110712963844582,0.13214827221015765,1.5539689705614776,0.2301328701670778,-1.248447701858431,-2.0174348324447466
-0.13380346304290203,-0.17521438197734218,-0.905223076477326,-0.415016447923032,-0.44098651616152157,-0.5118983353607891,1.367493526384112,-0.4503135489128988,-0.901842040662112,-1.4544435764308201,1.3735450316757478,-1.197692971434642,-0.5801341157127297,0.7524461546811448,0.5706235495643448,-1.1396356168632087,-0.6061391687242575,-0.8319953373197603,-1.0811292092455316,-0.8829668018191305,-0.4407942937933721,-1.1702856871437586,0.18736655035053149,0.7411280455481003,-2.124054681805515,-0.5232542964259633,-0.20186450173194795,2.123496555146468,-0.18131972233486804,-0.5517043136505256,-0.7875067002249141,2.059073996511282,0.12172048724085721
-0.17438211486760785,0.894423540916747,0.6432144096211576,-0.2894031610145772,-1.4985809054787493,-0.10761635581493853,-0.6653499892945116,-0.6529546459237041,-1.1221749770456892,0.4701362584544859,0.2237462942906852,-0.2839958957196822,-0.2871951067884802,-0.8028667562377306,-2.1039402210414018,-1.1396356168632087,-0.3120534476790814,-1.0334119300569806,-0.21053568811623505,-0.17983030586947776,0.2618292442219851,-0.8477162072871169,0.8699161266274673,-0.3433199254631052,0.25820823560128137,-0.5232542964259633,-1.7042671041134656,0.31973182245048154,1.5427542476627714,-0.7355329337007801,-0.5432732033308362,0.42403496826059345,-1.8916021665808875
1.5704999135947202,-2.180785487403757,-0.0019678762532104282,-1.0430828824653058,1.1902183893955594,0.664194696045322,-1.1344677236818863,-0.6529546459237041,0.7673468713346843,0.3237853019658994,0.6801097106754782,-0.18247399841801992,0.8845609289085185,-0.6749854724510675,-0.32089770730423756,-0.2826636260112375,-1.386105646278855,-0.227745559108099,0.007112692166088999,0.08511967811154997,0.3651562351065965,-0.23022606013297436,-1.8602821784802763,0.40223805460709855,1.0522958747368802,-1.5496377240307382,1.1629134347825603,-0.28876712351924905,0.9158182585727209,0.16689847381865036,-1.0317401971189921,0.49892225199726636,1.1283818141517288
-1.5946349287322907,2.030913833991715,-0.5611258573443293,-0.4778230913772594,-0.5843891452214842,0.2966656237309123,2.6184741514171117,2.3866618092383725,0.6004279801350046,0.4131500453084876,0.822352853444764,3.6753580990451438,0.29868291106001915,1.4989963519222047,1.780545255314563,3.1452243373966473,2.0789913277751766,3.498461406530479,3.4894867766832762,1.2060619180312853,-1.0504235400125799,2.3134646953079696,1.6662239656172253,1.9611320129357073,-0.1388355839665178,3.582279413993134,-0.5573948885550553,1.3846049778975102,0.7590842613002081,0.06662831742760233,2.3468231765824212,-1.0612294925167491,-0.3816101762145793
0.57632294388944,-1.9802283768611157,0.42815364766303554,-1.7339559604618069,0.5986825445232119,1.4360057479055826,0.35107176854480016,-0.9569162914399117,-1.2356798230614714,1.5684160027228164,1.11869273421411,0.8327449745986021,0.29868291106001915,0.1441459939662068,0.12486292113005364,0.5373699169591832,0.5702037154564473,0.7793374045780032,0.6600578330130618,-1.2702013937914023,-1.753047078027937,0.47021052469858954,0.6423996012018218,0.13112606185429687,1.6478616040885792,-1.2930418671295443,-1.2913931065124378,4.1445823399745025,0.44561626675518246,1.7545092833435738,-0.05480620954267999,1.023133238153976,-0.25577751035072016
-0.43814335172819147,-0.576328603062625,1.2023723907122763,-1.7339559604618069,-0.3155092157340533,1.4360057479055826,-1.916330614327511,-1.0582368399453148,-0.2341664758633935,-3.1899327949680405,-3.4508682272492055,1.035788769201926,0.8845609289085185,3.783578205516375,1.14374435755129,0.8107144312826569,1.8871962923109316,1.5850037755268847,0.9865304034365476,-0.6078264338388315,-0.8747676555087402,0.15685731569499572,1.6662239656172253,-2.9188838566147193,1.0522958747368802,-1.0364460102283508,-2.9314203747609646,-0.44089186001168174,1.6994882449352844,0.8855012612878258,-1.0724457799346718,-0.437168794711143,-1.1366061713977333
0.41400833659061964,-1.7128188961375934,0.7292387144044068,-0.7918563086483963,0.5269812299932293,1.3624999334427002,1.680238682642362,-1.0582368399453148,-1.2356798230614714,0.6553414511789803,1.053497960444854,2.558617228726859,1.7633779556812674,1.816971435932286,0.2522231006827083,1.268751185013883,1.3629565287086614,2.491378442844377,2.2924206851304922,-1.2396302417935916,-1.7117162816740927,-0.036684372218989986,-0.3814247632135822,0.19890406004249697,2.0449054236563784,-1.2930418671295443,-1.9221728250695633,1.0586233996994403,1.6994882449352844,0.8186544903604608,1.2070668577433898,0.6362156055145,-0.12994484448686106
0.37342968476591376,0.1590474689270604,-0.8622109240857024,-0.6662430217399414,-0.10040527214410941,-0.658909964286553,0.7420032138676125,-0.9569162914399117,-0.3476713218791756,-1.2601723952512804,1.6698849124450936,1.4418763584085752,0.5916219199842686,0.8837836893809609,2.6083864224068183,2.1257231758658546,1.3757428644062775,2.692795035581597,1.4218271640011964,0.3806408140903898,-0.6681136737395175,1.3826213391502333,1.211190914765935,0.3344600564188984,0.4567301453851812,0.5031291311788114,-0.396832778376878,2.123496555146468,-0.024585725062355193,-0.8023797046281451,0.31154403579843726,1.023133238153976,0.3733858189685755
-1.6352135805569965,-0.24206675215822246,-1.8084782767014416,-1.1686961693737605,-1.2117756473588228,-0.658909964286553,-1.212654012746449,-1.8688012279885353,0.7673468713346843,1.8196733970483543,0.9942299842909847,1.035788769201926,0.8845609289085185,-0.11852907543342542,0.06118283135372657,-0.23094979897706674,-0.4399168046552448,1.2828788864210543,1.0953545935777098,-1.5249609937731603,-1.5257276980817918,-0.24865860183906843,-0.26766650050075946,-0.41109792365130593,0.0596863258173815,-0.2666584395247695,0.15366588509115942,-1.6578897519511429,-0.4947877168798937,-0.9527849392147169,-2.090085350326664,-0.5370185063600397,2.386708472790319
-3.0351770685093276,2.6325851656196404,1.0733359335374035,1.9088293598833808,-3.434516397788251,3.8984505324121272,1.523866104513237,-0.3489930004074966,-1.5695176054608306,1.9712049183683955,0.8104992582139903,1.9494858449168861,0.29868291106001915,2.1729652799870505,0.06118283135372657,-0.703761931860913,1.7465465996371519,1.5850037755268847,1.5306513541423579,-0.7606821938278863,-1.5257276980817918,0.6268871292003871,1.3249491774787576,0.19890406004249697,0.6552520551690805,3.3256835570919416,-0.396832778376878,0.819570242354189,3.7370302094779504,1.9884729815893518,0.5557775326925152,-1.0612294925167491,-0.3816101762145793
1.6313678913317775,-1.0442951943287881,2.0626154385447686,-1.1686961693737605,0.43735458683075235,1.5095115623684643,-0.5871637002299493,-0.8555957429345095,-0.5680042582627528,3.095387486793998,-0.02517920555556539,1.2388325638052506,2.3492559735297665,1.8411651923243575,0.2522231006827083,-0.629885036097812,1.0944434790587174,1.2828788864210543,1.3130029738600342,-1.127536017801618,-0.8747676555087402,-0.552795539989616,0.7561578639146446,-0.6144319182159068,0.6552520551690805,-1.2930418671295443,-0.7523631651999854,-0.2018387026664303,1.5427542476627714,0.7518077194330959,0.47436636706115576,0.6362156055145,-0.3816101762145793
-0.19467144077995932,0.4264569496505827,0.2561050380965372,-0.5406297348314869,-0.06455461487911812,-0.769168685980876,0.6638169248030502,0.2589302906249186,0.09967130653596575,-1.9737952007841226,-0.10815437217098234,-0.2839958957196822,-0.2871951067884802,-0.9756793018953834,0.7616638188933266,-1.1396356168632087,-1.1431652680241444,-0.1270372627394887,-0.21053568811623505,-0.516112977845398,0.10683875789506803,-1.1426368745846174,1.4387074401915805,-0.004429934522103379,0.4567301453851812,0.7597249880800045,1.4381627665165784,-0.679945017356933,-1.121723705969944,-0.4012990790639542,1.2884780233747497,0.18689190309446324,-0.25577751035072016
-0.6207472849393635,-0.30891912233910274,0.815263019187656,-0.03817658719766804,-0.8532690747089151,0.2231598092680303,1.4456798154486747,-0.24767245190209433,-1.1689122665815994,-1.2109570293524636,-1.7676577044793198,-0.3855177930213445,1.4704389467570174,-0.9756793018953834,1.4621448064329265,-1.1396356168632087,-0.043540398029138005,0.07437932999773163,0.007112692166088999,-1.423057153780457,-1.515394998993331,0.24902002422546474,-1.0639743394905177,-1.563323892850712,-1.1314451328860164,-0.5232542964259633,-0.7523631651999854,0.7543739267145748,1.0725522558452338,-0.15062368808633467,-1.3573848596444298,-1.2983725576828795,-0.12994484448686106
-1.8381068396805227,0.22589983910794187,1.5034574574536494,-0.03817658719766804,-2.8967565388133893,0.9949708611282906,0.35107176854480016,-2.172762873504743,-1.0353771536218557,1.0257518366279692,1.7884208647528321,-0.18247399841801992,0.5916219199842686,-0.11852907543342542,0.9527040882223083,-0.3048266947401677,1.8999826280085481,0.5779208118407828,0.007112692166088999,-1.9121955857454322,-1.9597010597971598,-0.1657121641616458,-0.9502160767776953,0.19890406004249697,1.0522958747368802,-0.7798501533271572,-0.47711383346596625,-1.6578897519511429,1.2292862531177466,0.6348258703102062,-0.014100626727000461,0.8109526009000695,-0.7591081738061567
-2.4467866170511017,0.693866430374105,-0.26004079060295804,-2.6132489688209897,-3.058084496505849,-0.2546279847407022,1.4456798154486747,-2.780686164537159,-1.1689122665815994,-0.2797505008985371,-0.5467373957096143,0.32513548809029097,1.177499937832768,0.6038273654155635,0.8253439086696537,0.3009638505172602,0.12268196603987476,1.2828788864210543,0.5512336428718996,-2.2892397937184343,-2.0113645552394654,-0.939878915817586,0.07360828763770876,-2.241103874732716,1.2508177845207795,1.2729167018823924,-2.4841402106931847,1.6888544508823755,0.6023502640276953,-0.5015692354550019,0.06731053890435897,0.2992228286994722,1.8833778093348836
-0.6004579590270119,-0.17521438197734218,0.2561050380965372,-2.0479891777329438,-0.5126878306915029,-0.3281337992035842,0.9765620810612996,-2.0714423249993406,-0.901842040662112,-1.0128004245493332,-0.0014720150940176874,1.1373106665035884,2.3492559735297665,-0.6784417233642207,0.4432633700116901,1.4460557348453253,-0.38877146186477934,1.685712071895495,1.3130029738600342,-1.6981975217607561,-2.14568964338946,-0.009035559659848234,-0.608941288639227,-1.2922119000979104,-0.7344013133182171,-0.2666584395247695,-1.7042671041134656,1.7757828717351942,-1.5919256977874823,0.3005920156733803,-0.7875067002249141,0.3741101124361451,0.3733858189685755
-1.067112455011122,1.0949806514593878,1.2883966954955257,0.1502433431650145,-0.27965855846906335,1.4727586551370233,1.211120948254987,2.082700163722166,-0.40108536706307313,2.4128480702498822,4.076164744292183,1.2388325638052506,0.29868291106001915,0.9183461985124914,0.5069434597880171,0.0793331632279573,1.3373838573134287,0.6786291082093928,1.0953545935777098,-0.33268606585853255,-0.5234558865010609,0.4056966287272623,2.1212570164685163,3.4522479730761146,0.0596863258173815,1.0163208449811985,-0.5573948885550553,0.2328034015976628,0.6023502640276953,1.6876625124162081,0.47436636706115576,-0.02528873415944322,-2.5207654959001826
2.584966209212352,-1.5122617855949518,1.8045425241950208,1.3435695687953342,3.0903032244400697,2.979627851626103,-1.3690265908755737,1.6774179697005551,3.771886912928917,1.8870207398572616,-0.42820144340187594,1.9494858449168861,3.228073000302515,1.395308824527613,0.6979837291169995,-0.14229752406134563,0.6213490582469128,1.3835871827896646,1.7482997344246822,1.0226350060444196,0.4684832259912079,1.078484400999686,-0.4951830259264043,0.8089060437363005,1.8463835138724785,-0.7798501533271572,3.3649080886547083,-1.6578897519511429,1.6994882449352844,2.473112070812749,-1.5202071909071484,1.5099005824423477,0.24755315310471634
-1.5743456028199376,1.0949806514593878,2.535749114852638,2.4112825075171993,-1.516506234111245,5.258308099975443,0.11651290135111296,-1.3621984854615226,-0.5680042582627528,-2.0320765551379845,0.8579136391370856,1.2388325638052506,2.056316964605517,1.5646651192721128,1.14374435755129,1.1653235309455416,1.925555299403781,1.8871286646327157,0.9865304034365476,-1.0867744818045368,-1.2984083181356472,0.03704579460538627,0.07360828763770876,-0.27554192727490506,0.6552520551690805,1.0163208449811985,0.4518526611363454,0.9064986632070078,2.326424234025335,4.294686578583451,-0.8282122830405938,2.059073996511282,-2.6465981617640417
